"wave","original_mac_m2.mg","original_corrected_mac_m2.mg","invivo_corrected_mac_m2.mg","invivo_corrected_750_normalised_mac_m2.mg"
250,0.10310851,0.0576746530420391,0.20902823950263,0.180684469340281
251,0.104652187,0.0488538098081756,0.206783794705505,0.178440024543157
252,0.106195863,0.0425406188788467,0.21047058671687,0.182126816554521
253,0.107988603,0.0365158663110869,0.211153634918135,0.182809864755787
254,0.109781343,0.0321169081153125,0.21229853096177,0.183954760799421
255,0.109044522,0.0293628634496343,0.217510495620454,0.189166725458105
256,0.108307701,0.0270124713371349,0.222790237685353,0.194446467523004
257,0.109634351,0.0262064310846698,0.217856952080125,0.189513181917776
258,0.110961002,0.0254670163086414,0.205924854613761,0.177581084451412
259,0.110805652,0.0248312613994518,0.200347277192309,0.17200350702996
260,0.110650303,0.0242275891268813,0.199142577841995,0.170798807679646
261,0.110811361,0.024005792610015,0.198788144075103,0.170444373912755
262,0.110972418,0.0237894371190982,0.191747605409702,0.163403835247353
263,0.112719447,0.0240689960297686,0.185642894089597,0.157299123927249
264,0.114466476,0.0243456099050145,0.180667836550602,0.152324066388253
265,0.115722993,0.0245427692404067,0.174793397510963,0.146449627348614
266,0.11697951,0.0247383761697275,0.174835927995612,0.146492157833263
267,0.117370735,0.0247820802267704,0.176479930493345,0.148136160330997
268,0.117761961,0.024824734585426,0.178633275307283,0.150289505144935
269,0.119738114,0.02526640162426,0.174610585799025,0.146266815636676
270,0.121714267,0.0228671783074652,0.174730887807757,0.146387117645409
271,0.12329102,0.0235014094838533,0.174920496623983,0.146576726461635
272,0.124867774,0.0241483498827104,0.17220231718507,0.143858547022721
273,0.126209957,0.0248058084002985,0.168430346838314,0.140086576675965
274,0.127552141,0.025481692743467,0.171434437856324,0.143090667693975
275,0.131224548,0.0266667948159009,0.177637396486533,0.149293626324184
276,0.134896955,0.0276866283509831,0.181322108120421,0.152978337958072
277,0.143234608,0.0297052705165088,0.181507734855568,0.15316396469322
278,0.151572261,0.0317652792980251,0.181537642808213,0.153193872645864
279,0.169942289,0.0360181480639232,0.182404157918581,0.154060387756233
280,0.188312318,0.0403600936724208,0.183122502230062,0.154778732067713
281,0.225140764,0.0487634636658055,0.185768033042968,0.157424262880619
282,0.261969211,0.0573478704316264,0.186375017955536,0.158031247793188
283,0.30958045,0.0684467626537362,0.186077103629396,0.157733333467047
284,0.357191689,0.0797644207058782,0.184522659039652,0.156178888877303
285,0.388383671,0.0875909909645722,0.185648673611491,0.157304903449142
286,0.419575653,0.0953840695381286,0.187584669286671,0.159240899124322
287,0.438071586,0.100319662725456,0.187658472545155,0.159314702382806
288,0.45656752,0.105330580692115,0.18602108772317,0.157677317560821
289,0.467580571,0.108667612790746,0.185509287229753,0.157165517067404
290,0.478593622,0.11204995882205,0.191411169555723,0.163067399393374
291,0.48391666,0.11429770154388,0.196097493216575,0.167753723054226
292,0.489239699,0.116596827186448,0.198632690511493,0.170288920349145
293,0.491079209,0.117905558084983,0.19866721338701,0.170323443224661
294,0.49291872,0.11921850018786,0.201252374235956,0.172908604073607
295,0.494605758,0.120249999101408,0.201941071394408,0.17359730123206
296,0.496292797,0.121241203166186,0.202727066929528,0.17438329676718
297,0.496841324,0.122049475669438,0.201082762044996,0.172738991882647
298,0.49738985,0.122871222854726,0.200238224471205,0.171894454308857
299,0.497042321,0.12339809302995,0.202767710934088,0.17442394077174
300,0.496694792,0.123936257524938,0.208917884979786,0.180574114817437
301,0.495612772,0.124395640788838,0.211353602914506,0.183009832752157
302,0.494530752,0.124869346215604,0.211743348601337,0.183399578438988
303,0.492577199,0.125165655306287,0.212032073740845,0.183688303578497
304,0.490623645,0.125460768359821,0.21351839631029,0.185174626147941
305,0.488314804,0.12573612907385,0.215233066008439,0.186889295846091
306,0.486005964,0.12599109988403,0.215636261216239,0.18729249105389
307,0.483448765,0.126508066916109,0.21464198917281,0.186298219010461
308,0.480891567,0.127016128566792,0.217328028933558,0.18898425877121
309,0.478054736,0.127582837772717,0.222843804830354,0.194500034668005
310,0.475217906,0.128152252696063,0.226539282970973,0.198195512808625
311,0.471888253,0.128539472161092,0.228115914805821,0.199772144643473
312,0.468558599,0.128955445628203,0.229718516915974,0.201374746753625
313,0.465619984,0.129537191633481,0.230710988380181,0.202367218217832
314,0.462681368,0.130142694552852,0.232060336715266,0.203716566552917
315,0.459908437,0.130712141028364,0.234182737375197,0.205838967212848
316,0.457135506,0.131283469188672,0.236034750964493,0.207690980802144
317,0.454640682,0.131988827738557,0.240457565363224,0.212113795200875
318,0.452145859,0.132704068097291,0.242104178293496,0.213760408131147
319,0.449684143,0.133613683488051,0.243801356475746,0.215457586313398
320,0.447222427,0.134561808417014,0.244504791502747,0.216161021340398
321,0.444021433,0.135118665035958,0.248160686145215,0.219816915982866
322,0.44082044,0.135687749421212,0.249048202333482,0.220704432171134
323,0.438412912,0.136374592429854,0.252394771383141,0.224051001220792
324,0.436005383,0.13707543587771,0.254477930743508,0.226134160581159
325,0.434318473,0.138116863187542,0.256468292567603,0.228124522405254
326,0.432631562,0.139181797709971,0.257122883250449,0.2287791130881
327,0.430676295,0.139885042225554,0.257660039713461,0.229316269551112
328,0.428721028,0.14060125875659,0.255945745684539,0.22760197552219
329,0.427126618,0.141417086280864,0.257360728396784,0.229016958234436
330,0.425532209,0.142248068101918,0.262817806225645,0.234474036063296
331,0.423321754,0.143026772359929,0.267634827813455,0.239291057651107
332,0.421111299,0.143821526703862,0.268511901660372,0.240168131498024
333,0.418690502,0.14431808748293,0.270137651694389,0.24179388153204
334,0.416269705,0.14482295360591,0.272985334827375,0.244641564665026
335,0.413838428,0.145533541518389,0.27223620174038,0.243892431578031
336,0.411407152,0.146258689305119,0.270211908953488,0.24186813879114
337,0.407783284,0.146592288657435,0.266666943826415,0.238323173664066
338,0.404159417,0.146932445024333,0.266776631862115,0.238432861699766
339,0.400297776,0.146472015314004,0.265980664058551,0.237636893896202
340,0.396436136,0.146004949973642,0.265952716795311,0.237608946632962
341,0.392597046,0.145673405595456,0.263525939843582,0.235182169681233
342,0.388757957,0.145336467513981,0.263162212829643,0.234818442667294
343,0.384777918,0.145093004642674,0.264092781531496,0.235749011369147
344,0.380797879,0.144844731260454,0.261808456780937,0.233464686618588
345,0.377029683,0.14445184657133,0.260503432144499,0.23215966198215
346,0.373261488,0.144052985229354,0.257570477256726,0.229226707094378
347,0.369454347,0.143409230716718,0.257478078246667,0.229134308084318
348,0.365647205,0.142756984380736,0.256000158410317,0.227656388247968
349,0.361259778,0.142127041867965,0.255817479572608,0.22747370941026
350,0.35687235,0.141486934449929,0.254120256161801,0.225776485999452
351,0.352941545,0.14098169367882,0.251222579393651,0.222878809231302
352,0.349010741,0.140459902513755,0.249530424697087,0.221186654534739
353,0.345440721,0.140015621717596,0.246033346514544,0.217689576352195
354,0.341870701,0.139565141134425,0.244541606034809,0.216197835872461
355,0.337932908,0.13906335897434,0.242915780616098,0.214572010453749
356,0.333995116,0.138553381972285,0.242036867046174,0.213693096883825
357,0.330986098,0.138650602058124,0.239731271672499,0.21138750151015
358,0.327977081,0.138753221341147,0.238376835082859,0.21003306492051
359,0.324764222,0.138881687997389,0.236860306831996,0.208516536669647
360,0.321551363,0.139011760782096,0.235309202687508,0.20696543252516
361,0.318259783,0.13922156896779,0.23358666593168,0.205242895769332
362,0.314968204,0.13943815655089,0.232021782,0.203678011837651
363,0.312040979,0.13946251455635,0.230091730090988,0.201747959928639
364,0.309113754,0.139486968210812,0.228417574637296,0.200073804474947
365,0.305963825,0.139956227478926,0.226574168181143,0.198230398018794
366,0.302813897,0.140438565845398,0.224608266808544,0.196264496646195
367,0.299269884,0.140824587147792,0.222980177626251,0.194636407463902
368,0.295725872,0.141220138003736,0.221460899448368,0.193117129286019
369,0.293755778,0.141950973321773,0.220133200850455,0.191789430688106
370,0.291785684,0.142698600216187,0.21873697411371,0.190393203951361
371,0.289555516,0.143622138171422,0.217612398977665,0.189268628815316
372,0.287325348,0.144571849266241,0.216003513997807,0.187659743835459
373,0.284831608,0.145187933891155,0.21482444594765,0.186480675785301
374,0.282337867,0.145819683029178,0.213429464970037,0.185085694807688
375,0.280326441,0.146732837158741,0.212061735228564,0.183717965066215
376,0.278315014,0.147669211455067,0.211417120215815,0.183073350053466
377,0.276615144,0.148811584253482,0.211307374284247,0.182963604121898
378,0.274915274,0.149985573321607,0.210597720186858,0.182253950024509
379,0.272819982,0.150834343025076,0.209378948549882,0.181035178387533
380,0.27072469,0.151694400750451,0.208616824738735,0.180273054576386
381,0.268588909,0.152406160174471,0.208209766560996,0.179865996398648
382,0.266453128,0.153097607911994,0.207695754776445,0.179351984614096
383,0.264512325,0.154367177579278,0.207603163433439,0.17925939327109
384,0.262571522,0.15567755810741,0.207248397892003,0.178904627729654
385,0.260496861,0.155995446339192,0.206609728529411,0.178265958367063
386,0.2584222,0.156320069445292,0.205929276633129,0.17758550647078
387,0.255825174,0.157100495649014,0.205560867308739,0.17721709714639
388,0.253228147,0.157904750126149,0.205262783127843,0.176919012965495
389,0.250626292,0.158161929582043,0.204790830736271,0.176447060573922
390,0.248024437,0.158424817439747,0.204318619882966,0.175974849720617
391,0.245141734,0.158440954217391,0.203739125239189,0.17539535507684
392,0.242259032,0.158462654195279,0.20332476191529,0.174980991752941
393,0.239969095,0.1584335784686,0.203247540244135,0.174903770081786
394,0.237679158,0.158417279925921,0.203071777780635,0.174728007618286
395,0.234509515,0.158403231731113,0.202636548223335,0.174292778060986
396,0.231339872,0.158388236724849,0.202078290851715,0.173734520689367
397,0.228038687,0.157763470988644,0.201516403700272,0.173172633537924
398,0.224737502,0.157125019113223,0.201008185471747,0.172664415309398
399,0.222098173,0.157249911579163,0.200521339837978,0.172177569675629
400,0.219458843,0.157377496815569,0.200417324782479,0.17207355462013
401,0.216414802,0.156732654625345,0.200109950956189,0.171766180793841
402,0.213370761,0.156060018121615,0.199825121425428,0.17148135126308
403,0.210635514,0.156051726425741,0.199489533485498,0.171145763323149
404,0.207900268,0.156052885652296,0.199708653838111,0.171364883675762
405,0.205072968,0.155604748029504,0.19982877294358,0.171485002781232
406,0.202245668,0.155164177131491,0.199262232558845,0.170918462396496
407,0.199447915,0.154836033633732,0.19862640364516,0.170282633482811
408,0.196650161,0.154501425625492,0.198196335891463,0.169852565729114
409,0.194054817,0.154142510234283,0.197771034222664,0.169427264060315
410,0.191459473,0.153775530577807,0.197193340381938,0.168849570219589
411,0.189031501,0.153729661576819,0.196544502830352,0.168200732668003
412,0.18660353,0.153682199273078,0.196069103009985,0.167725332847636
413,0.183689853,0.153154660187383,0.195542983780538,0.167199213618189
414,0.180776177,0.152630268446535,0.1950587421755,0.166714972013151
415,0.178849152,0.1531217014848,0.194289152938793,0.165945382776445
416,0.176922128,0.153626673753025,0.193758866028559,0.16541509586621
417,0.174204893,0.153285493197948,0.193226488300839,0.16488271813849
418,0.171487657,0.152934664792143,0.192671586754703,0.164327816592354
419,0.169558944,0.153948248364726,0.191824840805394,0.163481070643045
420,0.167630231,0.154998627602133,0.191268838089596,0.162925067927248
421,0.165510225,0.154692688050557,0.190610129686861,0.162266359524512
422,0.16339022,0.154379713231835,0.189937786694595,0.161594016532246
423,0.161798861,0.155086818407726,0.189213062081087,0.160869291918739
424,0.160207501,0.155833968393888,0.188950602017442,0.160606831855093
425,0.157973456,0.155697462279194,0.18853661518699,0.160192845024641
426,0.155739411,0.155556897492419,0.187882282212663,0.159538512050314
427,0.154108556,0.154108556,0.187256273454944,0.158912503292596
428,0.152477701,0.152477701,0.186814307767102,0.158470537604753
429,0.150343141,0.150343141,0.186325947687243,0.157982177524894
430,0.148208582,0.148208582,0.185789213370088,0.15744544320774
431,0.146662871,0.146662871,0.185372954649718,0.157029184487369
432,0.145117161,0.145117161,0.184902281636188,0.156558511473839
433,0.143095318,0.143095318,0.1843714851761,0.156027715013751
434,0.141073476,0.141073476,0.183729700386474,0.155385930224125
435,0.139378754,0.139378754,0.183170619730972,0.154826849568624
436,0.137684032,0.137684032,0.183046641292781,0.154702871130432
437,0.13594335,0.13594335,0.183068470773479,0.154724700611131
438,0.134202668,0.134202668,0.182902523560516,0.154558753398167
439,0.132687895,0.132687895,0.182290269737432,0.153946499575083
440,0.131173122,0.131173122,0.181849025439491,0.153505255277143
441,0.129559732,0.129559732,0.181470837447604,0.153127067285256
442,0.127946341,0.127946341,0.180990889344554,0.152647119182206
443,0.126531284,0.126531284,0.180429930867075,0.152086160704726
444,0.125116226,0.125116226,0.179981953183487,0.151638183021139
445,0.123546449,0.123546449,0.179793229780943,0.151449459618594
446,0.121976671,0.121976671,0.17930025885852,0.150956488696171
447,0.120544756,0.120544756,0.178523758990167,0.150179988827818
448,0.119112841,0.119112841,0.177855544663397,0.149511774501048
449,0.117296432,0.117296432,0.177364994959917,0.149021224797568
450,0.115480022,0.115480022,0.17685275658076,0.148508986418411
451,0.11421346,0.11421346,0.17617786262032,0.147834092457971
452,0.112946899,0.112946899,0.175671412347268,0.147327642184919
453,0.111455969,0.111455969,0.175154115651018,0.146810345488669
454,0.109965039,0.109965039,0.174559731825213,0.146215961662864
455,0.108454848,0.108454848,0.173758829376055,0.145415059213706
456,0.106944657,0.106944657,0.17288817261151,0.144544402449161
457,0.105602242,0.105602242,0.172158741579741,0.143814971417392
458,0.104259827,0.104259827,0.171615448920758,0.143271678758409
459,0.103121862,0.103121862,0.171124223128437,0.142780452966088
460,0.101983897,0.101983897,0.170700900072975,0.142357129910626
461,0.100832952,0.100832952,0.170287172287665,0.141943402125316
462,0.099682006,0.099682006,0.169684089459616,0.141340319297267
463,0.09847464,0.09847464,0.169155815466412,0.140812045304063
464,0.097267275,0.097267275,0.168570425153271,0.140226654990922
465,0.095875514,0.095875514,0.168120115194075,0.139776345031726
466,0.094483754,0.094483754,0.16756108320479,0.139217313042441
467,0.093292564,0.093292564,0.167160958895182,0.138817188732833
468,0.092101375,0.092101375,0.166705297659009,0.13836152749666
469,0.090810599,0.090810599,0.166246658550764,0.137902888388415
470,0.089519823,0.089519823,0.165898032813909,0.137554262651561
471,0.08874532,0.08874532,0.165591003719071,0.137247233556722
472,0.087970816,0.087970816,0.165357049001455,0.137013278839106
473,0.087070612,0.087070612,0.165098720366999,0.136754950204651
474,0.086170408,0.086170408,0.164575376991875,0.136231606829526
475,0.085238543,0.085238543,0.164195751027016,0.135851980864667
476,0.084306679,0.084306679,0.163883321367587,0.135539551205238
477,0.08356818,0.08356818,0.163631166741354,0.135287396579005
478,0.08282968,0.08282968,0.162917529378828,0.134573759216479
479,0.081746469,0.081746469,0.162481043390829,0.13413727322848
480,0.080663258,0.080663258,0.162174819532652,0.133831049370303
481,0.079896327,0.079896327,0.161874551558871,0.133530781396523
482,0.079129396,0.079129396,0.161430314594206,0.133086544431857
483,0.078522852,0.078522852,0.161048755648276,0.132704985485927
484,0.077916309,0.077916309,0.160752636066408,0.132408865904059
485,0.076930711,0.076930711,0.16035466903754,0.132010898875191
486,0.075945113,0.075945113,0.159842535693131,0.131498765530782
487,0.075172915,0.075172915,0.159197963696618,0.130854193534269
488,0.074400717,0.074400717,0.158732989890796,0.130389219728447
489,0.073950289,0.073950289,0.158601029315796,0.130257259153448
490,0.073499861,0.073499861,0.158460226923947,0.130116456761598
491,0.072741726,0.072741726,0.158114442268981,0.129770672106632
492,0.071983591,0.071983591,0.157434660499929,0.12909089033758
493,0.071283388,0.071283388,0.156802694373274,0.128458924210925
494,0.070583185,0.070583185,0.156503269995856,0.128159499833507
495,0.06966417,0.06966417,0.156199081523891,0.127855311361543
496,0.068745155,0.068745155,0.15577844190606,0.127434671743712
497,0.068675274,0.068675274,0.15529322788877,0.126949457726421
498,0.068605393,0.068605393,0.155081488560968,0.126737718398619
499,0.068130685,0.068130685,0.154693122958154,0.126349352795805
500,0.067655978,0.067655978,0.154194848814818,0.125851078652469
501,0.067145878,0.067145878,0.153758250546684,0.125414480384335
502,0.066635777,0.066635777,0.153361752462369,0.12501798230002
503,0.066299968,0.066299968,0.153050399210155,0.124706629047806
504,0.065964159,0.065964159,0.152748671937189,0.12440490177484
505,0.065781399,0.065781399,0.152505931651949,0.1241621614896
506,0.065598639,0.065598639,0.152067719065885,0.123723948903536
507,0.064920568,0.064920568,0.151587686270987,0.123243916108638
508,0.064242496,0.064242496,0.151112215102734,0.122768444940385
509,0.063910241,0.063910241,0.15085658372352,0.122512813561171
510,0.063577986,0.063577986,0.150698939407121,0.122355169244772
511,0.063268498,0.063268498,0.150538213656578,0.122194443494229
512,0.06295901,0.06295901,0.150112311529301,0.121768541366953
513,0.06273922,0.06273922,0.149527981164078,0.121184211001729
514,0.062519431,0.062519431,0.1489002604277,0.120556490265351
515,0.062226787,0.062226787,0.148444439517928,0.120100669355579
516,0.061934143,0.061934143,0.148132330909271,0.119788560746922
517,0.061747981,0.061747981,0.147852436357722,0.119508666195373
518,0.061561819,0.061561819,0.147563089972314,0.119219319809965
519,0.061443476,0.061443476,0.147284091468373,0.118940321306025
520,0.061325133,0.061325133,0.147060726667879,0.11871695650553
521,0.060993654,0.060993654,0.146761418597994,0.118417648435645
522,0.060662175,0.060662175,0.146455860528022,0.118112090365673
523,0.060398324,0.060398324,0.146001584581668,0.117657814419319
524,0.060134473,0.060134473,0.145813647527771,0.117469877365422
525,0.059835279,0.059835279,0.145625788156329,0.11728201799398
526,0.059536085,0.059536085,0.145437210091004,0.117093439928655
527,0.059257239,0.059257239,0.145024935969189,0.11668116580684
528,0.058978393,0.058978393,0.144937084977346,0.116593314814997
529,0.058778881,0.058778881,0.144840443532901,0.116496673370553
530,0.058579369,0.058579369,0.14467158424755,0.116327814085201
531,0.058206856,0.058206856,0.144298902957297,0.115955132794949
532,0.057834343,0.057834343,0.143994687101091,0.115650916938742
533,0.057737563,0.057737563,0.143866083615011,0.115522313452662
534,0.057640783,0.057640783,0.14374758734623,0.115403817183881
535,0.057257964,0.057257964,0.143437624069129,0.11509385390678
536,0.056875145,0.056875145,0.143110676060791,0.114766905898442
537,0.057003879,0.057003879,0.143047674057152,0.114703903894803
538,0.057132613,0.057132613,0.142911396331551,0.114567626169203
539,0.057770717,0.057770717,0.142592132554244,0.114248362391895
540,0.058408821,0.058408821,0.14225739529789,0.113913625135541
541,0.05794662,0.05794662,0.142089752411863,0.113745982249514
542,0.057484418,0.057484418,0.141914547262917,0.113570777100568
543,0.057171561,0.057171561,0.141628446439493,0.113284676277144
544,0.056858703,0.056858703,0.141253152641779,0.11290938247943
545,0.056492714,0.056492714,0.140969227332229,0.11262545716988
546,0.056126725,0.056126725,0.140654100733232,0.112310330570883
547,0.055647011,0.055647011,0.140420084837815,0.112076314675467
548,0.055167297,0.055167297,0.140084466117333,0.111740695954985
549,0.054762524,0.054762524,0.139888743072965,0.111544972910617
550,0.054357752,0.054357752,0.139591997057865,0.111248226895516
551,0.05432445,0.05432445,0.139363136677006,0.111019366514657
552,0.054291148,0.054291148,0.138950315234368,0.11060654507202
553,0.05399693,0.05399693,0.138473428999653,0.110129658837304
554,0.053702711,0.053702711,0.138164011703986,0.109820241541638
555,0.053370644,0.053370644,0.137865740776308,0.109521970613959
556,0.053038578,0.053038578,0.137498698512791,0.109154928350442
557,0.052903672,0.052903672,0.137172593058059,0.10882882289571
558,0.052768765,0.052768765,0.137031145468723,0.108687375306374
559,0.052448756,0.052448756,0.136885167330937,0.108541397168588
560,0.052128746,0.052128746,0.13656081566859,0.108217045506241
561,0.052123424,0.052123424,0.136397253508034,0.108053483345685
562,0.052118102,0.052118102,0.136333410655245,0.107989640492896
563,0.051493723,0.051493723,0.136065929332422,0.107722159170073
564,0.050869345,0.050869345,0.135693809358102,0.107350039195753
565,0.050899144,0.050899144,0.135437421300771,0.107093651138422
566,0.050928943,0.050928943,0.135196253833274,0.106852483670925
567,0.050602181,0.050602181,0.13478391619442,0.106440146032071
568,0.050275418,0.050275418,0.134396169223828,0.106052399061479
569,0.050029566,0.050029566,0.134345863729023,0.106002093566674
570,0.049783713,0.049783713,0.134166537726087,0.105822767563738
571,0.049313698,0.049313698,0.133894176039968,0.105550405877619
572,0.048843683,0.048843683,0.133412783852903,0.105069013690554
573,0.048343878,0.048343878,0.133032063518076,0.104688293355727
574,0.047844072,0.047844072,0.132719764142338,0.104375993979989
575,0.04763655,0.04763655,0.132362230855489,0.10401846069314
576,0.047429028,0.047429028,0.131986453417434,0.103642683255085
577,0.047100186,0.047100186,0.131572215126194,0.103228444963845
578,0.046771344,0.046771344,0.131178807986181,0.102835037823832
579,0.046683812,0.046683812,0.130701523022949,0.1023577528606
580,0.04659628,0.04659628,0.130359649038443,0.102015878876094
581,0.045868848,0.045868848,0.130076515250039,0.10173274508769
582,0.045141417,0.045141417,0.129701015195333,0.101357245032984
583,0.044944091,0.044944091,0.129226182694453,0.100882412532104
584,0.044746766,0.044746766,0.128794635985579,0.100450865823231
585,0.044321804,0.044321804,0.12835096186445,0.100007191702101
586,0.043896843,0.043896843,0.127976221966827,0.0996324518044778
587,0.04358155,0.04358155,0.12753442104329,0.099190650880941
588,0.043266257,0.043266257,0.127089724964891,0.0987459548025425
589,0.043215674,0.043215674,0.126575506364581,0.0982317362022326
590,0.043165092,0.043165092,0.12622741001699,0.097883639854641
591,0.042488245,0.042488245,0.125760849709414,0.0974170795470652
592,0.041811399,0.041811399,0.125219652462613,0.0968758823002647
593,0.041254373,0.041254373,0.124754433373619,0.0964106632112703
594,0.040697347,0.040697347,0.12437041166596,0.0960266415036109
595,0.040444808,0.040444808,0.123871270643414,0.0955275004810648
596,0.040192269,0.040192269,0.123278857813084,0.0949350876507351
597,0.04009964,0.04009964,0.122768788026366,0.0944250178640172
598,0.040007012,0.040007012,0.122216653590411,0.0938728834280618
599,0.039508113,0.039508113,0.121690789728618,0.0933470195662691
600,0.039009213,0.039009213,0.12098754610994,0.0926437759475912
601,0.038717534,0.038717534,0.120481862935687,0.0921380927733386
602,0.038425854,0.038425854,0.119907860607327,0.0915640904449784
603,0.037934561,0.037934561,0.119368522857583,0.0910247526952344
604,0.037443268,0.037443268,0.118639966834111,0.0902961966717626
605,0.037085231,0.037085231,0.118234010952552,0.0898902407902032
606,0.036727194,0.036727194,0.117865383319663,0.0895216131573147
607,0.036262349,0.036262349,0.117423556139286,0.0890797859769368
608,0.035797504,0.035797504,0.116876349560713,0.0885325793983645
609,0.035401684,0.035401684,0.116403746165736,0.0880599760033872
610,0.035005864,0.035005864,0.115966614293029,0.0876228441306802
611,0.034597588,0.034597588,0.11559880672087,0.0872550365585208
612,0.034189311,0.034189311,0.115055471623593,0.0867117014612447
613,0.034222349,0.034222349,0.114445371289274,0.0861016011269248
614,0.034255386,0.034255386,0.113903154195426,0.0855593840330769
615,0.033438904,0.033438904,0.113486692293102,0.0851429221307534
616,0.032622421,0.032622421,0.113017910588728,0.0846741404263796
617,0.032584049,0.032584049,0.112470380951529,0.0841266107891806
618,0.032545677,0.032545677,0.112074674999293,0.083730904836944
619,0.032124145,0.032124145,0.111638530311128,0.0832947601487788
620,0.031702613,0.031702613,0.111212708901471,0.0828689387391219
621,0.031601235,0.031601235,0.110657332538301,0.0823135623759519
622,0.031499857,0.031499857,0.110130124758547,0.0817863545961985
623,0.031157399,0.031157399,0.109559109027707,0.0812153388653578
624,0.030814941,0.030814941,0.109099629566391,0.0807558594040423
625,0.030484644,0.030484644,0.108785376840485,0.0804416066781357
626,0.030154347,0.030154347,0.108420893722694,0.0800771235603454
627,0.029860658,0.029860658,0.107944694351162,0.0796009241888132
628,0.02956697,0.02956697,0.107324877646424,0.0789811074840752
629,0.0289791,0.0289791,0.106834123672362,0.0784903535100137
630,0.02839123,0.02839123,0.106429218189938,0.0780854480275889
631,0.028320345,0.028320345,0.106005964081459,0.0776621939191103
632,0.028249459,0.028249459,0.105554299897244,0.0772105297348947
633,0.027965382,0.027965382,0.105134328254158,0.0767905580918093
634,0.027681304,0.027681304,0.10476690773459,0.0764231375722407
635,0.027261341,0.027261341,0.104301077439166,0.0759573072768174
636,0.026841378,0.026841378,0.103889470821594,0.0755457006592454
637,0.026780456,0.026780456,0.103424417245344,0.0750806470829949
638,0.026719534,0.026719534,0.102879681001855,0.0745359108395063
639,0.026410239,0.026410239,0.102353883789178,0.0740101136268294
640,0.026100943,0.026100943,0.101915220269451,0.0735714501071024
641,0.025894563,0.025894563,0.101427584362209,0.0730838141998605
642,0.025688183,0.025688183,0.100969982235811,0.0726262120734621
643,0.025484853,0.025484853,0.100610219071724,0.0722664489093747
644,0.025281523,0.025281523,0.100286535269651,0.0719427651073023
645,0.024956827,0.024956827,0.0999242181860848,0.071580448023736
646,0.024632132,0.024632132,0.0995944676345532,0.0712506974722044
647,0.024484423,0.024484423,0.0992047314516852,0.0708609612893364
648,0.024336714,0.024336714,0.0987990241497644,0.0704552539874156
649,0.023787863,0.023787863,0.0984741711059791,0.0701304009436303
650,0.023239012,0.023239012,0.0981682863061132,0.0698245161437644
651,0.023205893,0.023205893,0.0977334439244176,0.0693896737620689
652,0.023172774,0.023172774,0.0972799611951953,0.0689361910328465
653,0.022884297,0.022884297,0.0969460320824209,0.0686022619200721
654,0.022595821,0.022595821,0.0967180355952108,0.068374265432862
655,0.022378183,0.022378183,0.0964044803402864,0.0680607101779376
656,0.022160546,0.022160546,0.0959080266066994,0.0675642564443506
657,0.021969317,0.021969317,0.0953552730982697,0.0670115029359209
658,0.021778088,0.021778088,0.0948941603675187,0.0665503902051699
659,0.021689536,0.021689536,0.0944854151975546,0.0661416450352058
660,0.021600983,0.021600983,0.0940350526174332,0.0656912824550844
661,0.021324413,0.021324413,0.0937352974095219,0.0653915272471731
662,0.021047842,0.021047842,0.0934709728519072,0.0651272026895584
663,0.020743242,0.020743242,0.0932264637797649,0.0648826936174161
664,0.020438641,0.020438641,0.0929104675534736,0.0645666973911248
665,0.020487807,0.020487807,0.0926147696935002,0.0642709995311515
666,0.020536972,0.020536972,0.0923314406675356,0.0639876705051868
667,0.020311178,0.020311178,0.0922167665192163,0.0638729963568675
668,0.020085384,0.020085384,0.0921452028481839,0.0638014326858351
669,0.019929067,0.019929067,0.0919449943021055,0.0636012241397567
670,0.019772749,0.019772749,0.0916279337927989,0.0632841636304501
671,0.019428746,0.019428746,0.0912417170892236,0.0628979469268748
672,0.019084743,0.019084743,0.0909750572390996,0.0626312870767508
673,0.018951523,0.018951523,0.0907346558542374,0.0623908856918886
674,0.018818303,0.018818303,0.0904751497003967,0.0621313795380479
675,0.018613191,0.018613191,0.0901628001302035,0.0618190299678548
676,0.018408078,0.018408078,0.0899015906673009,0.0615578205049521
677,0.018312893,0.018312893,0.0895446550351898,0.061200884872841
678,0.018217708,0.018217708,0.0891765153902539,0.0608327452279051
679,0.017803564,0.017803564,0.0887586945430993,0.0604149243807505
680,0.01738942,0.01738942,0.0882236934002585,0.0598799232379097
681,0.017328823,0.017328823,0.0876875214897008,0.059343751327352
682,0.017268226,0.017268226,0.087174598197471,0.0588308280351222
683,0.017206703,0.017206703,0.0864987013022576,0.0581549311399088
684,0.01714518,0.01714518,0.0855844346668953,0.0572406645045466
685,0.01690609,0.01690609,0.0847256012017083,0.0563818310393595
686,0.016667001,0.016667001,0.0837349104145728,0.055391140252224
687,0.016549369,0.016549369,0.0826258902621157,0.0542821200997669
688,0.016431738,0.016431738,0.0815953054691188,0.05325153530677
689,0.016260159,0.016260159,0.0806909187945427,0.0523471486321939
690,0.016088579,0.016088579,0.0797445674902389,0.0514007973278901
691,0.015782125,0.015782125,0.0787420411625538,0.050398271000205
692,0.015475671,0.015475671,0.0778857992574507,0.0495420290951019
693,0.015322664,0.015322664,0.077155884824921,0.0488121146625722
694,0.015169657,0.015169657,0.0764835778590573,0.0481398076967085
695,0.015083967,0.015083967,0.0756604885927264,0.0473167184303776
696,0.014998276,0.014998276,0.0748048817310012,0.0464611115686524
697,0.014876176,0.014876176,0.0740000822541234,0.0456563120917746
698,0.014754077,0.014754077,0.0731965824747752,0.0448528123124264
699,0.014574896,0.014574896,0.0724609833611432,0.0441172131987944
700,0.014395714,0.014395714,0.071784829534801,0.0434410593724522
701,0.014513725,0.014513725,0.0712878726550322,0.0429441024926834
702,0.014631736,0.014631736,0.0707503032768635,0.0424065331145147
703,0.014538954,0.014538954,0.0701259922738361,0.0417822221114873
704,0.014446173,0.014446173,0.0693354006701663,0.0409916305078175
705,0.014190243,0.014190243,0.0686158149452338,0.0402720447828851
706,0.013934314,0.013934314,0.0680197109354614,0.0396759407731126
707,0.013841191,0.013841191,0.0674875135578929,0.0391437433955441
708,0.013748068,0.013748068,0.0668577215213534,0.0385139513590046
709,0.013503681,0.013503681,0.0662511278742261,0.0379073577118773
710,0.013259294,0.013259294,0.0656092928327395,0.0372655226703907
711,0.013196248,0.013196248,0.064899966476279,0.0365561963139302
712,0.013133202,0.013133202,0.0639991151750767,0.0356553450127279
713,0.0128658,0.0128658,0.0634672146872714,0.0351234445249226
714,0.012598397,0.012598397,0.0629513977166733,0.0346076275543245
715,0.012165373,0.012165373,0.0621617696196155,0.0338179994572667
716,0.011732349,0.011732349,0.0610323629033591,0.0326885927410103
717,0.011772387,0.011772387,0.0602089542125304,0.0318651840501816
718,0.011812424,0.011812424,0.059453964555647,0.0311101943932982
719,0.011548613,0.011548613,0.0586192408547781,0.0302754706924293
720,0.011284802,NA,0.0577517746830147,0.0294080045206659
721,0.011419055,0.00638734897044833,0.0569826798069252,0.0286389096445764
722,0.011553307,0.00539332314988757,0.0562504461355216,0.0279066759731728
723,0.011125764,0.00445682979251266,0.0554361473049625,0.0270923771426137
724,0.01069822,0.00361755556080854,0.0546663207686053,0.0263225506062565
725,0.010656255,0.00311752391923588,0.053800363859617,0.0254565936972682
726,0.01061429,0.00285815318521749,0.0529361009076662,0.0245923307453174
727,0.010740483,0.0026787290885667,0.052067946580524,0.0237241764181752
728,0.010866676,0.0025975143111253,0.0511455512967052,0.0228017811343564
729,0.010434274,0.00239480377193091,0.0500549354263905,0.0217111652640417
730,0.010001872,0.00224139377038147,0.0490011733113294,0.0206574031489806
731,0.010075186,0.00220602619393556,0.0480028000503873,0.0196590298880385
732,0.010148499,0.00219853596326594,0.0468083293290445,0.0184645591666957
733,0.009634116,0.00206528974416055,0.0456311317844217,0.0172873616220729
734,0.009119733,0.00194733759978036,0.0445728886007646,0.0162291184384158
735,0.009482438,0.00201679779585847,0.0436335021716349,0.0152897320092862
736,0.009845144,0.00208797829252977,0.0426860190650558,0.014342248902707
737,0.009689463,0.00204909031142852,0.0419654415759944,0.0136216714136457
738,0.009533782,0.00201299711029789,0.0412804401567054,0.0129366699943566
739,0.009581978,0.00201992272066012,0.0406744749050129,0.0123307047426641
740,0.009630173,0.00203209997719778,0.0401659273209284,0.0118221571585796
741,0.009270034,0.00174161604567084,0.0396866981288943,0.0113429279665455
742,0.008909895,0.00169838071623657,0.039252816186994,0.0109090460246452
743,0.009046319,0.00174948002486703,0.0388484663354897,0.0105046961731409
744,0.009182743,0.00180481293918183,0.0384552688249711,0.0101114986626223
745,0.008723572,0.00174274911880555,0.0382042093221447,0.00986043915979592
746,0.0082644,0.0016794499385628,0.0380493970343696,0.00970562687202081
747,0.008248623,0.00169297045591853,0.0377523910481284,0.00940862088577962
748,0.008232846,0.00170740103223347,0.0373519236907374,0.00900815352838866
749,0.008187598,0.0017158900681039,0.0369135729994209,0.00856980283707214
750,0.00814235,0.00172571741627115,0.0364861201623488,0.00814235
