wvl,BRA,BRB,BRC,HE1A,HE2A,HE2B,HE2C,MIT1A,MIT1B,MIT1C,MIT2A,MIT2B,MIT2C,MIT3A,MIT3B,MIT3C,MIT4A,MIT4B,MIT4C,MIT5A,MIT5B,MIT5C
200,0.017374077,0.014492356,0.032857352,0.03088673,0.190985629,0.025139721,0.030327315,0.209368346,0.069600375,0.2065777,0.021484183,0.04243925,0.048167924,0.021444191,0.026185724,0.021158424,0.03965416,0.011995105,0.014598745,0.038105593,0.018654238,0.012724084
203,0.015154654,0.014803949,0.026644827,0.026147944,0.144052838,0.021831863,0.025038545,0.181312988,0.066946826,0.162029851,0.031117834,0.053595704,0.054810989,0.01834146,0.021510175,0.018447373,0.039713389,0.01342155,0.013480068,0.032869833,0.017246732,0.013909395
206,0.013795623,0.014399542,0.023089883,0.022678475,0.118359704,0.019916787,0.02178973,0.150242725,0.068577653,0.131882353,0.038012985,0.062341967,0.061864964,0.016534807,0.018622726,0.016551676,0.039402434,0.014093511,0.012566481,0.028421149,0.001595386,0.01249488
209,0.012808127,0.013179691,0.020673901,0.020012908,0.101230948,0.018454366,0.019598668,0.130394606,0.062745374,0.113959614,0.040702583,0.067038113,0.064147804,0.015297642,0.016927342,0.01534903,0.040809135,0.014028673,0.011951208,0.024278649,0.004824372,0.01180072
212,0.012397484,0.01248358,0.01877563,0.018320485,0.087870518,0.01734014,0.01805737,0.113645138,0.061059264,0.101113257,0.04446802,0.068628343,0.06962662,0.01443359,0.01569554,0.014492909,0.035685782,0.01523113,0.011615605,0.02184358,0.00619685,0.0114078
215,0.012182386,0.012344358,0.017360555,0.017347341,0.077079402,0.016469651,0.017105391,0.101669269,0.057880534,0.090753292,0.046081779,0.070541588,0.066613271,0.013942652,0.014993546,0.014085232,0.031169532,0.015785204,0.011634249,0.020071311,0.007196753,0.011460189
218,0.01206506,0.012052655,0.01611805,0.016458819,0.065774423,0.015703621,0.016032527,0.086259759,0.049394706,0.078735733,0.040083161,0.060155401,0.055632811,0.013432076,0.014265061,0.013779475,0.026445978,0.014859783,0.011690183,0.018450333,0.007865478,0.011296472
221,0.011986842,0.011568692,0.015082629,0.015697228,0.056011032,0.015076869,0.01511077,0.073530163,0.04242914,0.068375768,0.036643735,0.05419204,0.049743084,0.013098238,0.01385446,0.013534868,0.023647384,0.014264449,0.011746117,0.017247207,0.008317663,0.011296472
224,0.011898847,0.0114361,0.014392348,0.015147191,0.048474379,0.014659034,0.014461007,0.064317956,0.038448817,0.060605795,0.035926509,0.05121036,0.04723196,0.012941137,0.013589557,0.013371798,0.021766847,0.013893102,0.011857985,0.01660602,0.009015048,0.011276826
227,0.011967288,0.011568692,0.013840124,0.014681774,0.041622877,0.014276019,0.014022794,0.05728318,0.035739986,0.054493415,0.040017958,0.051856391,0.048807119,0.01284295,0.013430614,0.013269879,0.020745137,0.014447175,0.011951208,0.016216985,0.009753829,0.011433994
230,0.011908625,0.011568692,0.013564012,0.0143856,0.038710989,0.014101921,0.013781022,0.054100781,0.034440853,0.051799824,0.041044896,0.050440093,0.047985297,0.012744762,0.013298163,0.013127192,0.020138035,0.014464858,0.011913919,0.015972037,0.010381157,0.011473286
233,0.011801075,0.011469248,0.013322414,0.014131737,0.035970388,0.013962643,0.013584582,0.051337119,0.033197002,0.049417032,0.040376571,0.048800168,0.046432966,0.012607299,0.013125975,0.012923353,0.019471703,0.014293921,0.011820696,0.015647842,0.010871555,0.011394702
236,0.011556646,0.0112571,0.013046301,0.013750941,0.032887211,0.013788545,0.013373031,0.048070972,0.031676739,0.046516242,0.03760547,0.046017267,0.043921842,0.012371649,0.012847826,0.012576828,0.018509223,0.01371627,0.01159696,0.015186764,0.010893846,0.011217888
239,0.01126333,0.01109136,0.012839217,0.013327835,0.030831761,0.013718906,0.013237034,0.046228531,0.030819864,0.044858648,0.036562232,0.044849442,0.043419617,0.012096723,0.012582923,0.012209919,0.017842891,0.013339028,0.011298646,0.014826546,0.01081742,0.010969038
242,0.010930905,0.010872582,0.012666647,0.012820108,0.02946146,0.013614447,0.013131259,0.045139815,0.030294683,0.043926251,0.036594834,0.044327648,0.042894564,0.01180216,0.012265038,0.011822626,0.017428285,0.013215246,0.010944398,0.014487942,0.010664569,0.010752932
245,0.010549594,0.010633916,0.012390535,0.012439313,0.028433735,0.013475169,0.012995262,0.044134847,0.029935348,0.043304653,0.036969747,0.044302801,0.042780422,0.011409409,0.011907418,0.011374182,0.017102522,0.012955892,0.010515571,0.014192564,0.010393895,0.01046479
248,0.010168284,0.010315694,0.012183451,0.012058518,0.027748585,0.013335891,0.012813933,0.043381121,0.029520731,0.042683055,0.036627435,0.044004633,0.042392339,0.011036296,0.011549799,0.010966505,0.016761953,0.012549178,0.01010539,0.013861164,0.010088192,0.010124258
251,0.009806527,0.010057138,0.011941853,0.011720033,0.027234722,0.013196612,0.012617493,0.042627395,0.029216678,0.042268657,0.036317723,0.043706465,0.042118398,0.01068282,0.011192179,0.010599596,0.016480612,0.012154253,0.009713852,0.013565785,0.009782489,0.009809922
254,0.009298113,0.009612954,0.01166574,0.011296927,0.026549572,0.012987695,0.012330388,0.042041164,0.02877442,0.041647059,0.03538859,0.043085281,0.041365061,0.01021152,0.010688862,0.010110384,0.016095621,0.011659124,0.009210447,0.013133525,0.009308013,0.009286027
257,0.00875059,0.009128991,0.011182544,0.0107892,0.025864422,0.0126395,0.011997951,0.04153868,0.028553291,0.041129061,0.035502694,0.04318467,0.041296576,0.009681306,0.010145809,0.00956002,0.015740243,0.011193466,0.008632464,0.012686855,0.008785771,0.008755584
260,0.008310617,0.008698066,0.010768376,0.010408405,0.025521846,0.012326124,0.011695736,0.041371185,0.028470368,0.040921861,0.035779804,0.043259212,0.041479203,0.009229643,0.009708718,0.009111576,0.015384866,0.010833908,0.008184993,0.012305025,0.008362245,0.008323372
263,0.007968415,0.008340066,0.010388722,0.01006992,0.025521846,0.012047567,0.011423742,0.04153868,0.028442727,0.040921861,0.035633098,0.043035586,0.041433546,0.008895805,0.009364344,0.00876505,0.015103526,0.01051561,0.007830745,0.012016851,0.008066095,0.007963194
266,0.007499109,0.007796437,0.009905525,0.009646814,0.025693134,0.011629732,0.010970419,0.041957417,0.028470368,0.04123266,0.034866971,0.042364708,0.040999807,0.008444141,0.008874272,0.008316606,0.014659305,0.010044058,0.007383274,0.011570181,0.007620279,0.007458946
269,0.007156907,0.007358882,0.009422329,0.009266019,0.025179271,0.011211898,0.010547317,0.042124911,0.028498009,0.04123266,0.034524658,0.041743525,0.040451925,0.008071028,0.008490162,0.007929313,0.014259506,0.009672711,0.007029026,0.011173942,0.007241335,0.007059476
272,0.006961363,0.007073808,0.009111703,0.009012155,0.024665409,0.010863702,0.01021488,0.042041164,0.02827688,0.041025461,0.034166045,0.041022952,0.039561617,0.007855015,0.008238503,0.007725475,0.013918936,0.009454618,0.006842579,0.010864155,0.007015242,0.006810627
275,0.006873369,0.006901438,0.00883559,0.008842913,0.023980258,0.010585146,0.009927776,0.04153868,0.027806981,0.040403863,0.033579224,0.039855127,0.038397369,0.007717552,0.008092806,0.007603172,0.013593174,0.009307258,0.006749356,0.010612003,0.006903788,0.00669275
278,0.006892923,0.00685503,0.008697534,0.008800602,0.023295108,0.010306589,0.009670893,0.040449965,0.027005388,0.039367867,0.032535986,0.038165509,0.036913523,0.007678277,0.00802658,0.007582788,0.013237796,0.009195264,0.006786645,0.010395873,0.006894235,0.006666556
281,0.007029804,0.006934586,0.008593992,0.008758292,0.022096095,0.010097672,0.009504674,0.038775018,0.026010307,0.037813872,0.031704655,0.0363765,0.03538402,0.00773719,0.008079561,0.007643939,0.012956456,0.00918937,0.006917158,0.010237377,0.006977029,0.006771335
284,0.007225348,0.007106956,0.008593992,0.008758292,0.020897082,0.009923574,0.009414009,0.036848829,0.024904662,0.035949078,0.030547313,0.034587492,0.033649062,0.007855015,0.008172277,0.007766242,0.012675116,0.009230631,0.007122249,0.010107699,0.007110774,0.006948149
287,0.007440446,0.007299215,0.008593992,0.008842913,0.019869357,0.009853935,0.009353566,0.034755145,0.023743734,0.033877085,0.029178063,0.0326494,0.031754305,0.007992478,0.008278239,0.007908929,0.012393776,0.009283681,0.007345984,0.010021247,0.007298654,0.007183901
290,0.007665322,0.007524622,0.008593992,0.008927534,0.019012919,0.009784296,0.009338456,0.032493967,0.022416959,0.031701493,0.027776212,0.030611918,0.029745405,0.008129941,0.008397445,0.008092384,0.012097628,0.009342625,0.007588364,0.009934795,0.007486534,0.007445849
293,0.007909751,0.007756659,0.008628506,0.008969845,0.018156481,0.009749476,0.009338456,0.030149042,0.021117826,0.0295259,0.026292858,0.028524742,0.027736506,0.008306678,0.008543142,0.008275838,0.011831095,0.009425146,0.007849389,0.009855547,0.007674414,0.007720893
296,0.008144404,0.007975437,0.00866302,0.009054466,0.017128756,0.009714657,0.009338456,0.027887864,0.019929257,0.027557507,0.024858406,0.026661192,0.025933062,0.008463779,0.008649104,0.008418525,0.01157937,0.009495879,0.008073125,0.009797912,0.007862293,0.007943548
299,0.008320394,0.008141177,0.008697534,0.009181398,0.016443606,0.009679837,0.009323345,0.02612917,0.018961818,0.026003512,0.02360326,0.025070962,0.02440356,0.008601241,0.00874182,0.008561212,0.011386874,0.009543034,0.008259571,0.00976189,0.008034251,0.00813346
302,0.00850616,0.008293659,0.008732048,0.00935064,0.015929743,0.009645018,0.009247791,0.024286728,0.017994378,0.024345917,0.022266611,0.023406191,0.022759915,0.008738704,0.008861027,0.008724283,0.011194378,0.009596084,0.008446017,0.009718664,0.008212578,0.008323372
305,0.008760368,0.008479288,0.00883559,0.009519882,0.01541588,0.009575378,0.009142016,0.022444287,0.017026938,0.022791923,0.020799558,0.021716572,0.02111627,0.008915442,0.009006724,0.008928121,0.011031497,0.009696289,0.008669753,0.009697051,0.00841638,0.008513283
308,0.009043906,0.008698066,0.008939132,0.009689125,0.014559443,0.009540559,0.009051351,0.020685593,0.016170063,0.021237928,0.019430308,0.020126342,0.019609596,0.00909218,0.009192156,0.009131959,0.010898231,0.009837754,0.008912133,0.009675438,0.008664763,0.00872939
311,0.009317668,0.008930102,0.009077189,0.009858367,0.013531717,0.009540559,0.008990908,0.019261888,0.015479035,0.019787533,0.018256665,0.018784586,0.018376862,0.00932783,0.009417324,0.009376565,0.010809386,0.009991009,0.009173158,0.009697051,0.008964097,0.008899655
314,0.009630538,0.009195287,0.009249759,0.010112231,0.012846567,0.009575378,0.008990908,0.01792193,0.014843289,0.018544337,0.017115624,0.017591914,0.017235442,0.009602756,0.009682228,0.009661939,0.010794579,0.01022089,0.009471472,0.009776299,0.00934941,0.009155054
317,0.009982517,0.009520139,0.009525871,0.010366094,0.012161417,0.009679837,0.009081573,0.016749468,0.014290466,0.017301141,0.016072386,0.016498631,0.016208164,0.009897319,0.009973622,0.009988081,0.010868616,0.010456666,0.009807075,0.009920386,0.009763383,0.009436647
320,0.010373605,0.009891398,0.009871011,0.010662268,0.011818842,0.009888754,0.009247791,0.015828247,0.013765285,0.016265145,0.015110651,0.015455043,0.015226543,0.010250795,0.010317997,0.01035499,0.011001882,0.010710125,0.010179968,0.010114903,0.010186908,0.009744435
323,0.010803801,0.010335583,0.010285179,0.011000753,0.011818842,0.01023695,0.009550006,0.014823279,0.013267744,0.015229148,0.014148916,0.014411455,0.014244922,0.010663183,0.010728597,0.010762666,0.011209186,0.011069684,0.010608795,0.010367055,0.010651831,0.010242135
326,0.011146003,0.010686953,0.010664834,0.011296927,0.011647554,0.010550326,0.009867333,0.014069553,0.012853127,0.014296752,0.013399088,0.013591493,0.013491584,0.010997021,0.011046482,0.011088808,0.011401682,0.011370298,0.010944398,0.010633616,0.011043513,0.010674347
329,0.011409988,0.011025063,0.011009974,0.011550791,0.011818842,0.010898522,0.01021488,0.013399574,0.012466151,0.013571554,0.012665562,0.012821226,0.012761076,0.011291584,0.011337876,0.011394565,0.011594177,0.011682701,0.011261357,0.010914586,0.011361953,0.010988684
332,0.011625086,0.011303508,0.011355114,0.011720033,0.011818842,0.011211898,0.010668203,0.012729595,0.012106817,0.012949956,0.011980937,0.012075805,0.012053395,0.01156651,0.011616024,0.011639172,0.011771866,0.011835956,0.011541026,0.011209964,0.011635812,0.011270277
335,0.011771744,0.011548804,0.011596712,0.011804654,0.011818842,0.011490454,0.011076194,0.012143364,0.011775123,0.012328358,0.011426716,0.011479469,0.011459857,0.011743248,0.011788212,0.011781858,0.011905132,0.01184185,0.011727472,0.011476525,0.011782295,0.011466738
338,0.011810853,0.011721174,0.011769283,0.011846965,0.011818842,0.011699371,0.011438853,0.01164088,0.011498712,0.01181036,0.010921398,0.010957675,0.010911975,0.011821798,0.011814702,0.011822626,0.011964362,0.011824167,0.011820696,0.011685451,0.01180777,0.011630455
341,0.011732635,0.011807359,0.011838311,0.011762344,0.011990129,0.01183865,0.011725957,0.011054649,0.0112223,0.011292362,0.01041608,0.010411034,0.010386922,0.011821798,0.011761721,0.011761475,0.011934747,0.011865428,0.011820696,0.011822333,0.011814139,0.011767977
344,0.011546868,0.01178084,0.011803797,0.01150848,0.011990129,0.01183865,0.011907286,0.010552165,0.010890607,0.010877963,0.009943362,0.009914087,0.009884697,0.01172361,0.011589534,0.01157802,0.011816288,0.011665018,0.011727472,0.011879968,0.011686763,0.011807269
347,0.011292661,0.011588581,0.011631226,0.011254617,0.011647554,0.011699371,0.01196773,0.010133428,0.010641836,0.010359965,0.009552148,0.009466835,0.009428129,0.011507597,0.011351121,0.011353798,0.011623792,0.011458714,0.011522381,0.01186556,0.011444748,0.011617357
350,0.010940682,0.011283619,0.011355114,0.010958442,0.011304979,0.011420815,0.011892176,0.009630944,0.010393066,0.009945566,0.009128333,0.00904443,0.00899439,0.011213034,0.010993501,0.011007273,0.011312837,0.011152205,0.011224067,0.011728677,0.011094463,0.011499481
353,0.010510486,0.010932249,0.011009974,0.010535337,0.011133691,0.0110378,0.011665514,0.009295955,0.010144296,0.009634767,0.008720818,0.008597178,0.008514993,0.010820283,0.010569655,0.010558828,0.010927845,0.010769069,0.010813886,0.011498138,0.010709151,0.011054171
356,0.010060735,0.010514582,0.010595806,0.01006992,0.010962404,0.010654785,0.011333077,0.009044713,0.009950808,0.009427568,0.008378505,0.008249316,0.00812691,0.010407895,0.010106074,0.010130768,0.010528046,0.010332884,0.010403704,0.011188351,0.010263334,0.010700542
359,0.009620761,0.010043879,0.010181637,0.009604504,0.010448541,0.01023695,0.010925086,0.008709723,0.009784961,0.009116769,0.008068794,0.0079263,0.007761656,0.009956232,0.009655738,0.009682323,0.01011344,0.009890804,0.009993522,0.010806521,0.009779305,0.010274878
362,0.009200341,0.009606324,0.009801983,0.009139087,0.009934678,0.009784296,0.010486874,0.008374734,0.009619115,0.008702371,0.007775383,0.007578438,0.00741923,0.009543843,0.009218647,0.009254262,0.00971364,0.009472301,0.009564695,0.010403077,0.009330304,0.009875409
365,0.008789699,0.00915551,0.009387815,0.008758292,0.009592103,0.009366461,0.01001844,0.008207239,0.009480909,0.008598771,0.007481973,0.007255422,0.007076804,0.009111817,0.008794801,0.008846586,0.009299034,0.009047904,0.009154513,0.009963612,0.008916331,0.009456293
368,0.008310617,0.008651658,0.008904618,0.008377497,0.009592103,0.008878987,0.009459342,0.008207239,0.009315062,0.008598771,0.00712336,0.006882712,0.006665893,0.008640517,0.008344465,0.008398141,0.008840005,0.008570458,0.008669753,0.00943049,0.008435486,0.008945496
371,0.007899974,0.008194214,0.008421422,0.007996701,0.009249528,0.008461153,0.008945576,0.007955997,0.009149215,0.008391572,0.006797348,0.006510002,0.006323467,0.008208491,0.007933864,0.007990465,0.008410591,0.008163744,0.008240927,0.008904573,0.00801196,0.008487089
374,0.007508886,0.007803066,0.00797274,0.007573595,0.008735666,0.008112957,0.008477142,0.007704755,0.00901101,0.008184372,0.006503937,0.006162139,0.005981041,0.007835378,0.007576244,0.007603172,0.007995984,0.007780608,0.007849389,0.008393064,0.007601172,0.008094168
377,0.007166685,0.007451696,0.007593085,0.007235111,0.00839309,0.007799581,0.00805404,0.007453513,0.008872804,0.007873573,0.006226827,0.005863971,0.005661443,0.007521177,0.00725836,0.007297414,0.0076258,0.007450522,0.007551075,0.007924782,0.007254072,0.007760185
380,0.006883146,0.007140104,0.007282459,0.006938936,0.008050515,0.007521025,0.007721603,0.007202271,0.008762239,0.007666374,0.005966017,0.005590651,0.005387502,0.007226614,0.006993456,0.007052808,0.007314845,0.007167591,0.007271406,0.007542951,0.006983398,0.007432751
383,0.006609384,0.006835141,0.006971833,0.006642762,0.00770794,0.007242468,0.007389166,0.006951029,0.008624034,0.007459175,0.005672607,0.005267635,0.005067905,0.006951688,0.006715307,0.006787818,0.006989083,0.006878765,0.006991736,0.007161121,0.006712724,0.007138061
386,0.006384509,0.006576586,0.006695721,0.006431209,0.007365365,0.00706837,0.007102062,0.006699787,0.008485828,0.007148376,0.005428098,0.004994315,0.004816792,0.006716038,0.006490139,0.006543212,0.00672255,0.006625306,0.006749356,0.006836925,0.006486631,0.006902308
389,0.006179188,0.006357809,0.006419609,0.006177346,0.00702279,0.006859453,0.006845179,0.006364798,0.008347622,0.006837577,0.005183589,0.004696147,0.00456568,0.006500025,0.006291461,0.00631899,0.006470824,0.006401319,0.006525621,0.00656316,0.006273276,0.006679653
392,0.005993421,0.00615892,0.006143496,0.005965793,0.006851502,0.006615716,0.006633628,0.006197303,0.008181776,0.006630378,0.00493908,0.004447673,0.004291739,0.00630365,0.006106029,0.006135535,0.006248714,0.006206804,0.006339174,0.006311008,0.006079027,0.006456998
395,0.005836986,0.00598655,0.005936412,0.005796551,0.006680215,0.006476438,0.006437188,0.006029808,0.008071211,0.006526778,0.004727172,0.0041992,0.004063455,0.006126912,0.005947087,0.005952081,0.006056218,0.006035866,0.006171373,0.006102082,0.005900701,0.006273635
398,0.005670774,0.00580755,0.00583287,0.005669619,0.006680215,0.006371979,0.006255859,0.005946061,0.007960647,0.006423178,0.004531565,0.004000421,0.003880828,0.005969811,0.005774899,0.005809394,0.005878529,0.00585314,0.006003571,0.005907565,0.005728743,0.006090272
401,0.005504561,0.00562192,0.0056603,0.005542687,0.006508927,0.006232701,0.006074529,0.005778566,0.007822441,0.006319579,0.004319657,0.003801642,0.003675372,0.005793074,0.005602712,0.005625939,0.005686033,0.005676308,0.005854414,0.005720252,0.005556785,0.005926555
404,0.005348126,0.005476069,0.005418702,0.005331134,0.00633764,0.006023784,0.005908311,0.005527324,0.007711876,0.006215979,0.004140351,0.003602864,0.003447088,0.005616336,0.00544377,0.005483252,0.005523152,0.005511264,0.005705257,0.005540143,0.005384827,0.005769387
407,0.005201468,0.005323587,0.005246132,0.005204202,0.006166352,0.005814866,0.005757203,0.005276082,0.007601312,0.00600878,0.003977345,0.003404085,0.003264461,0.005459235,0.005298073,0.005340566,0.005360271,0.005352115,0.0055561,0.005381647,0.005251082,0.005618767
410,0.00505481,0.005177736,0.005073562,0.005077271,0.005995065,0.005675588,0.005606096,0.005108588,0.007490747,0.00580158,0.003814339,0.003205306,0.003104662,0.005321773,0.005152376,0.005197879,0.005212197,0.005187072,0.005406943,0.005244765,0.005101415,0.005474696
413,0.004927707,0.005038514,0.004935506,0.004908028,0.005995065,0.00553631,0.005485209,0.00502484,0.007407824,0.005697981,0.003683934,0.003056222,0.002967692,0.00518431,0.005019924,0.005075576,0.005064123,0.005039712,0.005295075,0.005107882,0.004961301,0.005343722
416,0.004800603,0.004905921,0.004797449,0.004781096,0.005823777,0.005397031,0.005349212,0.004857346,0.007297259,0.005594381,0.003537229,0.002931986,0.002807893,0.005046847,0.004887472,0.004932889,0.00491605,0.004892352,0.005183207,0.004970999,0.004811634,0.005199651
419,0.004653945,0.004760069,0.004624879,0.004654165,0.005481202,0.005153295,0.005182994,0.004689851,0.007131413,0.005490781,0.003341622,0.002758054,0.002648094,0.004870109,0.00472853,0.00472905,0.004738361,0.004744992,0.005015406,0.004812504,0.004626939,0.005049032
422,0.004526842,0.004640736,0.004452309,0.004611854,0.005481202,0.004944377,0.005046997,0.004522356,0.006993207,0.005387182,0.003194916,0.002633818,0.002533952,0.004693371,0.004596078,0.00456598,0.004605095,0.004615315,0.004866248,0.004682826,0.004499563,0.004924607
425,0.004419293,0.004521403,0.004314253,0.004527233,0.005309914,0.004805099,0.004926111,0.004354862,0.006855001,0.005283582,0.003080812,0.002534428,0.002442639,0.004555909,0.004476871,0.004443677,0.004486636,0.004497427,0.004735736,0.00457476,0.004397662,0.004813279
428,0.004321521,0.004415329,0.004210711,0.004357991,0.005138627,0.00470064,0.004805225,0.004271114,0.00682736,0.005179982,0.002999309,0.002435039,0.002351325,0.004477359,0.004384155,0.004341758,0.004368177,0.004379539,0.004661158,0.0044739,0.004289392,0.004708501
431,0.004233526,0.004309255,0.004141683,0.004231059,0.004796052,0.004596182,0.004699449,0.00410362,0.006799719,0.005076383,0.002934107,0.00233565,0.00228284,0.004418446,0.004278194,0.004280606,0.004264525,0.004261651,0.004586579,0.004387447,0.004181122,0.004597173
434,0.004145531,0.004203181,0.004072655,0.004061816,0.004796052,0.004491723,0.004593674,0.004019872,0.006772078,0.005076383,0.002868905,0.002261108,0.002214355,0.004339896,0.004172232,0.004219454,0.004160873,0.004149658,0.004512001,0.004279382,0.004082406,0.004479297
437,0.004037982,0.004097107,0.003934599,0.003934885,0.004624764,0.004352445,0.004472788,0.003936125,0.006689154,0.004869183,0.002771101,0.002186566,0.002123041,0.004222071,0.004066271,0.004097151,0.004057222,0.004043559,0.004400133,0.004171317,0.003967767,0.004361421
440,0.003949987,0.003997663,0.003831057,0.003850264,0.004453477,0.004213167,0.004351902,0.00376863,0.006606231,0.004869183,0.002689598,0.002112024,0.002031728,0.004104245,0.003973555,0.003974848,0.003938763,0.003943354,0.004288265,0.004056047,0.003859498,0.004243544
443,0.003861992,0.003904848,0.003727515,0.003765642,0.004282189,0.004073888,0.004246126,0.003684883,0.006523308,0.004765584,0.002608095,0.002062329,0.001986071,0.004006058,0.003880838,0.003872929,0.003864726,0.003849043,0.004176397,0.003962391,0.003751228,0.004145314
446,0.003773998,0.003812033,0.003658487,0.003681021,0.004282189,0.004004249,0.004140351,0.003601136,0.006468025,0.004765584,0.002559193,0.001987787,0.001917586,0.00390787,0.003788122,0.003811778,0.003775882,0.003760627,0.004083174,0.00386153,0.003665249,0.004040535
449,0.00369578,0.003719219,0.003554945,0.003638711,0.004282189,0.003864971,0.004034575,0.003601136,0.006440384,0.004765584,0.002493991,0.001938092,0.001871929,0.003809682,0.003708651,0.003730242,0.003687037,0.003672211,0.003989951,0.003767873,0.003576086,0.003935756
452,0.003617562,0.003639663,0.003520431,0.003554089,0.004110901,0.003830151,0.003943911,0.003517388,0.006412743,0.004661984,0.00246139,0.001888398,0.001826272,0.003770407,0.00362918,0.003669091,0.003598193,0.00358969,0.003915372,0.003681421,0.003506029,0.003837526
455,0.003549122,0.003560108,0.003485917,0.003469468,0.004110901,0.003725693,0.003853246,0.003433641,0.006357461,0.004661984,0.002412488,0.001838703,0.001780615,0.003691857,0.003562954,0.003587555,0.003494541,0.003507168,0.003840794,0.003587765,0.003429603,0.003745845
458,0.003461127,0.003460663,0.00334786,0.003469468,0.003768326,0.003586414,0.003702139,0.003349894,0.006246896,0.004558385,0.002330985,0.001764161,0.00171213,0.003554394,0.003456992,0.003465252,0.003376082,0.003418752,0.003710281,0.003465291,0.003324518,0.003641066
461,0.003392687,0.003387737,0.003244318,0.003342536,0.003597039,0.003447136,0.003611474,0.003266146,0.006163973,0.004454785,0.002265783,0.001714466,0.001620816,0.003456207,0.003390767,0.003383717,0.003316853,0.003348019,0.003617058,0.00336443,0.003241723,0.003555933
464,0.003334024,0.003321441,0.00317529,0.003300226,0.003597039,0.003377497,0.00353592,0.003182399,0.006136332,0.004454785,0.002216881,0.001664772,0.001597988,0.003397294,0.003337786,0.003342949,0.003257623,0.003277287,0.00354248,0.003285182,0.003171666,0.003483897
467,0.003275361,0.003255145,0.003140776,0.003173294,0.003597039,0.003307858,0.003460366,0.003098652,0.006108691,0.004454785,0.00220058,0.001615077,0.00157516,0.003377656,0.003284805,0.003302182,0.003198394,0.003218343,0.00350519,0.003213139,0.003117531,0.003405313
470,0.003216697,0.003188849,0.003071748,0.003173294,0.003425751,0.003238219,0.003354591,0.003014904,0.006025767,0.004351185,0.002135378,0.001565382,0.001529503,0.003299106,0.003231824,0.00324103,0.003124357,0.00314761,0.003449257,0.003141095,0.003053843,0.003333278
473,0.003148257,0.003122553,0.00300272,0.003173294,0.003254464,0.00313376,0.003263926,0.002931157,0.005942844,0.004247586,0.002070175,0.001515688,0.001461018,0.003240194,0.003152353,0.003179879,0.00305032,0.003082771,0.003374678,0.003069052,0.003002893,0.003267791
476,0.003089594,0.003062886,0.002933692,0.003088673,0.003083176,0.003029302,0.003173262,0.00284741,0.00585992,0.004143986,0.002004973,0.001441146,0.001392532,0.003161644,0.003112618,0.003098343,0.00299109,0.003029722,0.0033001,0.002989804,0.002951942,0.003215402
479,0.003040708,0.003016479,0.002864664,0.003046362,0.003254464,0.002959662,0.003067486,0.002763662,0.005721715,0.004143986,0.001939771,0.001416298,0.001369704,0.003083093,0.003046392,0.003037192,0.002887439,0.002976672,0.003206876,0.002896148,0.002900992,0.003149915
482,0.002991822,0.002963442,0.002761122,0.002961741,0.003083176,0.002820384,0.002976822,0.002596167,0.00561115,0.003936787,0.001858268,0.001316909,0.00127839,0.003004543,0.002993411,0.002955657,0.002813402,0.002923623,0.003132298,0.002809695,0.002815013,0.003084428
485,0.002942936,0.002923664,0.002761122,0.00287712,0.002911889,0.002820384,0.002961711,0.00251242,0.005583509,0.003833187,0.001841967,0.001292061,0.00127839,0.003004543,0.002966921,0.00297604,0.002798595,0.002888256,0.003132298,0.002773674,0.002779985,0.003045136
488,0.002913604,0.002897145,0.002795636,0.00287712,0.002911889,0.002820384,0.002916379,0.002428673,0.005528227,0.003833187,0.001825667,0.001267214,0.001255562,0.002984906,0.00294043,0.00297604,0.00276898,0.00285289,0.003113653,0.002752061,0.002757694,0.003018941
491,0.002874496,0.002863997,0.00283015,0.00287712,0.002911889,0.002820384,0.002871046,0.00251242,0.005445303,0.003833187,0.001793065,0.001267214,0.001255562,0.002965268,0.00288745,0.002955657,0.002724558,0.002817523,0.003076364,0.002716039,0.002751325,0.002986198
494,0.002854941,0.002837479,0.002761122,0.002919431,0.002911889,0.002750745,0.002795492,0.002428673,0.005307098,0.003729587,0.001711562,0.001217519,0.001209905,0.002906356,0.002860959,0.002894505,0.002680136,0.002793946,0.00302043,0.002672813,0.002706743,0.002966552
497,0.002845164,0.00281759,0.002692094,0.00287712,0.002911889,0.002646286,0.00275016,0.002344925,0.005224174,0.003625988,0.001613759,0.001167825,0.00114142,0.00286708,0.002847714,0.002833353,0.002635713,0.002776263,0.002983141,0.002629587,0.002665346,0.002946906
500,0.00282561,0.002804331,0.00265758,0.002834809,0.002911889,0.002611467,0.00275016,0.002261178,0.005224174,0.003522388,0.001581158,0.001142977,0.001095763,0.002886718,0.002860959,0.002853737,0.002650521,0.002752685,0.003001785,0.002622382,0.002643055,0.00292726
503,0.002806055,0.002784442,0.002692094,0.002792499,0.002911889,0.002611467,0.00275016,0.002261178,0.005168892,0.003522388,0.001548556,0.00111813,0.001095763,0.002906356,0.002847714,0.002853737,0.002650521,0.002729107,0.003039075,0.002622382,0.002655793,0.002914162
506,0.002776724,0.002764553,0.00265758,0.002792499,0.002740601,0.002576647,0.002719939,0.002177431,0.005085969,0.003418788,0.001499655,0.001068435,0.001050106,0.002886718,0.002821224,0.002853737,0.002606099,0.00270553,0.00302043,0.002600769,0.002627133,0.002894516
509,0.002757169,0.002744664,0.00265758,0.002792499,0.002569313,0.002576647,0.002674606,0.002009936,0.005003045,0.003315189,0.001450753,0.001043588,0.00100445,0.00286708,0.002794733,0.002833353,0.002576484,0.002687847,0.003001785,0.002586361,0.002595289,0.002887968
512,0.002747392,0.002731405,0.002623066,0.002792499,0.002569313,0.002507008,0.002674606,0.001926189,0.004920122,0.003107989,0.00138555,0.000993893,0.000958793,0.002847443,0.002781488,0.00281297,0.002576484,0.002670163,0.002964496,0.002550339,0.002576183,0.002868322
515,0.002727838,0.002724775,0.002588552,0.002750188,0.002569313,0.002472189,0.002644385,0.001842441,0.004837198,0.00300439,0.001336649,0.000969046,0.000935964,0.002827805,0.002768243,0.002792586,0.002561676,0.00265248,0.002945852,0.002528726,0.002550708,0.002848676
518,0.00271806,0.002711516,0.002554038,0.002707878,0.002569313,0.002437369,0.002614163,0.001842441,0.004698993,0.00290079,0.001271446,0.000919351,0.000890308,0.002768893,0.002754998,0.002751818,0.002517254,0.002640691,0.002889918,0.002499908,0.002544339,0.002835578
521,0.002708283,0.002698257,0.002554038,0.002665567,0.002398026,0.002402549,0.002583942,0.001758694,0.004616069,0.00290079,0.001206244,0.000894504,0.000844651,0.002768893,0.002754998,0.002731434,0.00248764,0.002628903,0.002871273,0.0024855,0.002544339,0.00282903
524,0.002688729,0.002678368,0.00248501,0.002707878,0.002398026,0.00236773,0.002538609,0.001674947,0.004450223,0.002693591,0.001141042,0.000844809,0.000821822,0.002729618,0.002715262,0.002690667,0.002443217,0.002599431,0.002833984,0.002449478,0.002525232,0.002822481
527,0.002659397,0.002665109,0.002519524,0.002707878,0.002569313,0.00236773,0.002508388,0.001674947,0.004339658,0.002589991,0.00110844,0.000844809,0.000821822,0.00270998,0.002675527,0.002690667,0.002398795,0.002581747,0.002815339,0.002442274,0.002512495,0.002809383
530,0.002630066,0.00264522,0.002519524,0.002665567,0.002569313,0.00233291,0.002478166,0.001674947,0.004229093,0.002589991,0.001059539,0.000819962,0.000798994,0.002670705,0.002635791,0.002670283,0.002354373,0.00255817,0.00277805,0.002427865,0.002490204,0.002789737
533,0.002630066,0.00263859,0.00248501,0.002665567,0.002569313,0.00233291,0.002463055,0.001591199,0.00414617,0.002486392,0.001010637,0.000795115,0.000753337,0.002651068,0.002622546,0.002649899,0.002339566,0.002552275,0.002759405,0.002413456,0.002451991,0.002783189
536,0.002639843,0.002625331,0.002450496,0.002623256,0.002398026,0.002263271,0.002447945,0.001507452,0.004063247,0.002279192,0.000945434,0.00074542,0.00070768,0.00263143,0.002622546,0.002629515,0.002324758,0.002540487,0.002759405,0.002384639,0.002423331,0.002770091
539,0.002639843,0.002618701,0.002450496,0.002623256,0.002398026,0.002228452,0.002447945,0.001507452,0.004007964,0.002175593,0.000912833,0.000695725,0.000684852,0.002651068,0.002635791,0.002629515,0.002339566,0.002528698,0.00277805,0.002384639,0.002416963,0.002763543
542,0.002620288,0.002598812,0.002450496,0.002623256,0.002398026,0.002228452,0.002432834,0.001423705,0.003925041,0.002071993,0.000863931,0.000670878,0.000684852,0.00263143,0.002609301,0.002609131,0.002309951,0.002511015,0.002759405,0.002377435,0.002426516,0.002750445
545,0.002600734,0.002578923,0.002415982,0.002665567,0.002398026,0.002228452,0.002417723,0.001339957,0.0038974,0.001968393,0.00083133,0.000670878,0.000662024,0.00263143,0.002596056,0.002609131,0.002309951,0.002493331,0.002759405,0.002377435,0.002407409,0.002730799
548,0.002571403,0.002552405,0.002450496,0.002623256,0.002226738,0.002263271,0.002417723,0.001339957,0.003869759,0.001968393,0.000798729,0.000670878,0.000639195,0.002651068,0.002596056,0.002629515,0.002309951,0.002469754,0.00277805,0.002377435,0.002407409,0.002717702
551,0.002532294,0.002519257,0.002450496,0.002580946,0.002226738,0.002263271,0.002387502,0.001339957,0.003786835,0.001968393,0.000782429,0.000646031,0.000616367,0.00263143,0.002543075,0.002609131,0.002265529,0.002440282,0.002740761,0.002363026,0.002391487,0.002704605
554,0.002502962,0.002492738,0.002381468,0.002580946,0.002398026,0.002193632,0.002327059,0.001339957,0.00364863,0.001864794,0.000733527,0.000646031,0.000593538,0.002572517,0.002503339,0.00254798,0.002206299,0.00241081,0.002684827,0.002334208,0.002366012,0.00267841
557,0.002483408,0.00246622,0.00231244,0.002538635,0.002398026,0.002089173,0.002281726,0.001339957,0.003565706,0.001864794,0.000684625,0.000646031,0.00057071,0.002533242,0.002463604,0.002507212,0.002176685,0.002387232,0.002647537,0.002305391,0.002337353,0.002652215
560,0.002454076,0.002439701,0.002277926,0.002496325,0.002226738,0.002019534,0.002236394,0.00125621,0.003482783,0.001761194,0.000652024,0.000596336,0.00057071,0.002493967,0.002437113,0.002446061,0.002132263,0.002351866,0.002591604,0.002269369,0.00229914,0.00262602
563,0.00240519,0.002399924,0.002277926,0.002454014,0.002055451,0.002019534,0.002206172,0.001172463,0.003427501,0.001657594,0.000619423,0.000571489,0.000547882,0.002454692,0.002397378,0.002425677,0.002102648,0.002316499,0.002572959,0.002240552,0.002273664,0.002593277
566,0.002395413,0.002360146,0.00231244,0.002454014,0.002055451,0.002054354,0.002206172,0.001172463,0.003427501,0.001657594,0.000619423,0.000546641,0.000547882,0.00247433,0.002384133,0.002446061,0.00208784,0.002281133,0.002572959,0.002226143,0.00224182,0.002560534
569,0.002356304,0.002320368,0.002277926,0.002454014,0.002055451,0.002019534,0.00216084,0.001088715,0.003427501,0.001657594,0.000586821,0.000546641,0.000525053,0.002454692,0.002357642,0.002425677,0.002073033,0.002245767,0.002554314,0.002197326,0.00219087,0.002521242
572,0.002317195,0.00228059,0.002208898,0.002369393,0.001884163,0.001915076,0.002145729,0.001004968,0.003399859,0.001553995,0.00055422,0.000496947,0.000479396,0.002435055,0.002317907,0.002384909,0.002058226,0.002204506,0.00253567,0.002161304,0.002123997,0.002468852
575,0.002287864,0.002240813,0.00213987,0.002327082,0.001884163,0.001880256,0.002100397,0.001004968,0.003372218,0.001450395,0.00053792,0.000472099,0.000456568,0.00239578,0.002278171,0.002364525,0.002013803,0.002163245,0.00249838,0.002118078,0.002073047,0.002416463
578,0.002238978,0.002187776,0.00213987,0.002327082,0.001884163,0.001880256,0.002039954,0.001004968,0.003316936,0.001450395,0.000521619,0.000472099,0.000456568,0.002356505,0.002225191,0.002303374,0.001954574,0.002121984,0.002442447,0.002082056,0.002047572,0.002370622
581,0.002190092,0.002134739,0.002070841,0.002284772,0.001884163,0.001810617,0.001949289,0.000921221,0.003206372,0.001450395,0.000505318,0.000472099,0.000456568,0.002258317,0.002158965,0.002221838,0.001895344,0.002074829,0.002330579,0.002031626,0.002012543,0.002324781
584,0.002141206,0.002081702,0.001967299,0.002284772,0.001884163,0.001671339,0.001858625,0.000921221,0.003123448,0.001450395,0.000489018,0.000472099,0.000456568,0.002160129,0.002105984,0.002119919,0.001836115,0.002033568,0.002256,0.001973991,0.00197433,0.002272392
587,0.002102097,0.002028665,0.001898271,0.002200151,0.001712876,0.00156688,0.001798182,0.000921221,0.003095807,0.001450395,0.000456417,0.000472099,0.00043374,0.002101217,0.002053003,0.002058768,0.001776885,0.001986413,0.002200066,0.001916356,0.00192338,0.002213454
590,0.002072766,0.001988887,0.001863757,0.002115529,0.001884163,0.001532061,0.00176796,0.001004968,0.003068166,0.001450395,0.000440116,0.000472099,0.00043374,0.002061941,0.002013268,0.002018,0.001747271,0.001945152,0.002162777,0.001865926,0.001881983,0.002154516
593,0.00202388,0.00193585,0.001829243,0.002073219,0.001884163,0.001497241,0.001707517,0.001004968,0.003068166,0.001450395,0.000456417,0.000472099,0.00043374,0.002022666,0.001960287,0.001977232,0.001717656,0.001897997,0.002144132,0.001829904,0.001821479,0.002089029
596,0.001965216,0.001869554,0.001794729,0.001988598,0.001712876,0.001497241,0.001662185,0.000921221,0.003040525,0.001450395,0.000440116,0.000447252,0.00043374,0.001983391,0.001907306,0.001936465,0.001673234,0.001839053,0.002088199,0.001772269,0.001741869,0.002023542
599,0.00191633,0.001816517,0.001760215,0.001988598,0.0013703,0.001462421,0.001616852,0.000837473,0.003012884,0.001243196,0.000423815,0.000422405,0.000410911,0.001944116,0.001867571,0.001916081,0.001643619,0.001791898,0.002050909,0.001736248,0.001687734,0.001977701
602,0.001867444,0.00176348,0.001725701,0.001946287,0.0013703,0.001392782,0.001541299,0.000837473,0.002985242,0.001243196,0.000407515,0.000397557,0.000410911,0.001885204,0.00181459,0.001854929,0.001599197,0.001744742,0.001994975,0.001685817,0.001636784,0.001912214
605,0.001818558,0.001710443,0.001691187,0.001861666,0.0013703,0.001357963,0.001495966,0.000837473,0.002985242,0.001346795,0.000407515,0.000397557,0.000410911,0.001845929,0.001761609,0.001814162,0.001554775,0.001697587,0.001939042,0.001635387,0.001573096,0.001846728
608,0.001759895,0.001657406,0.001622159,0.001861666,0.0013703,0.001288324,0.001420412,0.000837473,0.00292996,0.001346795,0.000407515,0.000397557,0.000388083,0.001787016,0.001695383,0.00175301,0.001495545,0.001650432,0.001864463,0.001592161,0.001560358,0.001794338
611,0.001711009,0.001604369,0.001518617,0.001861666,0.0013703,0.001149045,0.001359969,0.000753726,0.002902319,0.001243196,0.000374914,0.00037271,0.000342426,0.001728103,0.001655648,0.001691859,0.00146593,0.001609171,0.001789884,0.001548935,0.001512592,0.001741949
614,0.0016719,0.001557961,0.001449589,0.001819355,0.001199013,0.001114226,0.001299526,0.000753726,0.002902319,0.001139596,0.000374914,0.00037271,0.000342426,0.001688828,0.001615912,0.001671475,0.001436316,0.001562016,0.00177124,0.001505709,0.001461641,0.001689559
617,0.001642569,0.001511554,0.001449589,0.001861666,0.001199013,0.001114226,0.001269305,0.000753726,0.002902319,0.001139596,0.000374914,0.00037271,0.000342426,0.001649553,0.001576177,0.001651091,0.001391894,0.00152665,0.001752595,0.001469687,0.001429797,0.00163717
620,0.00160346,0.001465147,0.001449589,0.001777045,0.001199013,0.001114226,0.001223972,0.000837473,0.002902319,0.001243196,0.000374914,0.00037271,0.000342426,0.001629916,0.001549686,0.001610323,0.001377086,0.001485389,0.001715306,0.001433665,0.001382031,0.001578232
623,0.001564351,0.00141211,0.001415075,0.001650113,0.001199013,0.001044587,0.00117864,0.000837473,0.002874678,0.001243196,0.000358613,0.00037271,0.000342426,0.001571003,0.001496706,0.001549172,0.001347471,0.001438234,0.001659372,0.001383235,0.00130879,0.001519294
626,0.001505688,0.001365702,0.001346047,0.001607802,0.001027725,0.000974948,0.001118197,0.000753726,0.002819396,0.001139596,0.000342312,0.000347863,0.000296769,0.00151209,0.001443725,0.00148802,0.001303049,0.001391078,0.001603438,0.0013256,0.001245102,0.001466904
629,0.001466579,0.001312665,0.001277019,0.001523181,0.000856438,0.000905309,0.001057754,0.000669979,0.002791755,0.001139596,0.000326012,0.000323015,0.000296769,0.001453178,0.001377499,0.001426869,0.00124382,0.001349818,0.00152886,0.001282374,0.001187783,0.001414515
632,0.001427471,0.001266258,0.001242505,0.001480871,0.000856438,0.000870489,0.001012422,0.000669979,0.002791755,0.001139596,0.000342312,0.000323015,0.000296769,0.00143354,0.001351009,0.001406485,0.001214205,0.001314451,0.00149157,0.001253556,0.001175045,0.001368674
635,0.001388362,0.00123311,0.001242505,0.00143856,0.001027725,0.000870489,0.0009822,0.000753726,0.002764113,0.001139596,0.000342312,0.000323015,0.000342426,0.001394265,0.001311273,0.001386101,0.001199398,0.001279085,0.001454281,0.00121033,0.001146385,0.001322833
638,0.001349253,0.001193332,0.001173477,0.00143856,0.000856438,0.00080085,0.000936868,0.000753726,0.002764113,0.001243196,0.000326012,0.000347863,0.000319598,0.00135499,0.001271537,0.001324949,0.001169783,0.001243718,0.001416992,0.001174309,0.001089066,0.001276992
641,0.001310144,0.001153554,0.001104449,0.00143856,0.000856438,0.00076603,0.000891535,0.000753726,0.002736472,0.001243196,0.000309711,0.000323015,0.000296769,0.001315715,0.001245047,0.001284182,0.001125361,0.001202458,0.001379703,0.001145491,0.001057222,0.0012377
644,0.00129059,0.001127036,0.001104449,0.001396249,0.000856438,0.00080085,0.000876425,0.000837473,0.002736472,0.001243196,0.000326012,0.000323015,0.000319598,0.001296077,0.001218557,0.001263798,0.001095746,0.001172986,0.001361058,0.001123878,0.001025378,0.001198408
647,0.001251481,0.001087258,0.001069935,0.001353939,0.000856438,0.00076603,0.000846203,0.000753726,0.002708831,0.001243196,0.000326012,0.000323015,0.000319598,0.001256802,0.001192066,0.001243414,0.001080939,0.001137619,0.001305124,0.001087856,0.001006272,0.001159116
650,0.001212372,0.00104748,0.001035421,0.001311628,0.000856438,0.000696391,0.000800871,0.000753726,0.002653549,0.001139596,0.000309711,0.000323015,0.000296769,0.001217527,0.001152331,0.001202646,0.001051324,0.001108147,0.001267835,0.00104463,0.000939399,0.001113276
653,0.001183041,0.001014332,0.001035421,0.001269318,0.000856438,0.000661572,0.000770649,0.000753726,0.002625908,0.001139596,0.000309711,0.000323015,0.000273941,0.001178252,0.001112595,0.001161879,0.001021709,0.001078675,0.001230546,0.001015813,0.000898002,0.001073983
656,0.001143932,0.000981184,0.001035421,0.001269318,0.000856438,0.000661572,0.000740428,0.000753726,0.002625908,0.001139596,0.000326012,0.000347863,0.000296769,0.001158615,0.001086105,0.001121111,0.001006902,0.001049203,0.001193256,0.000979791,0.000875711,0.00104124
659,0.0011146,0.000954666,0.000966393,0.001269318,0.00068515,0.000661572,0.000710206,0.000586231,0.002598267,0.001139596,0.000326012,0.000323015,0.000296769,0.00111934,0.001046369,0.001080343,0.000977287,0.001019731,0.001155967,0.000950974,0.000824761,0.001008497
662,0.001085269,0.000921518,0.000931879,0.001227007,0.00068515,0.000591932,0.000664874,0.000586231,0.002570625,0.001139596,0.000309711,0.000323015,0.000273941,0.001080065,0.001006634,0.00105996,0.000947672,0.000990259,0.001118678,0.000922156,0.000783363,0.000969205
665,0.001055937,0.00088837,0.000931879,0.001184696,0.00068515,0.000557113,0.000634652,0.000669979,0.002542984,0.001139596,0.000309711,0.000323015,0.000273941,0.001060427,0.000980143,0.001039576,0.000932865,0.000966682,0.001100033,0.000907748,0.000767441,0.000936461
668,0.001026606,0.000861851,0.000897365,0.001100075,0.00068515,0.000557113,0.000619542,0.000669979,0.002515343,0.001139596,0.000309711,0.000298168,0.000273941,0.001021152,0.000966898,0.001019192,0.00090325,0.00093721,0.001062744,0.000871726,0.000719675,0.000910266
671,0.001007051,0.000828703,0.000862851,0.001057765,0.00068515,0.000522293,0.00058932,0.000669979,0.002515343,0.001139596,0.000293411,0.000298168,0.000273941,0.001001514,0.000927163,0.000978424,0.000873635,0.000907738,0.001044099,0.000850113,0.0006942,0.000877523
674,0.00097772,0.000808814,0.000828337,0.001100075,0.000856438,0.000522293,0.000574209,0.000669979,0.002515343,0.001139596,0.000309711,0.000323015,0.000273941,0.000981877,0.000900672,0.000937657,0.000858828,0.000878266,0.001025455,0.000842909,0.0006942,0.000857877
677,0.000948388,0.000775666,0.000793823,0.001100075,0.00068515,0.000487474,0.000543988,0.000669979,0.002460061,0.001139596,0.00027711,0.000298168,0.000273941,0.000942602,0.000874182,0.000917273,0.000844021,0.000848794,0.000988165,0.000821296,0.000681462,0.000838231
680,0.000919056,0.000749147,0.000793823,0.001057765,0.00068515,0.000452654,0.000543988,0.000586231,0.002404779,0.001035996,0.00026081,0.000273321,0.000273941,0.000903327,0.000847692,0.000876505,0.000799598,0.000825216,0.000950876,0.000778069,0.000640065,0.000805488
683,0.000899502,0.000722629,0.000759309,0.001015454,0.000513863,0.000452654,0.000513766,0.000502484,0.002349496,0.000932397,0.000244509,0.000248473,0.000273941,0.000883689,0.000821201,0.000856121,0.000784791,0.000795744,0.000913587,0.000749252,0.000595484,0.000772744
686,0.000879948,0.00070274,0.000759309,0.001015454,0.00068515,0.000417835,0.000498655,0.000586231,0.002349496,0.000932397,0.000228208,0.000273321,0.000251112,0.000864052,0.000807956,0.000835737,0.000769984,0.000772166,0.000913587,0.000742048,0.00056364,0.000746549
689,0.000850616,0.000682851,0.000724795,0.000930833,0.00068515,0.000417835,0.000468434,0.000586231,0.002349496,0.000932397,0.000244509,0.000273321,0.000228284,0.000844414,0.000781466,0.000815354,0.000755176,0.000748589,0.000894942,0.000720435,0.000538164,0.000720355
692,0.000821284,0.000656333,0.00069028,0.000888522,0.000513863,0.000383015,0.000438212,0.000502484,0.002321855,0.000932397,0.000228208,0.000248473,0.000228284,0.000824777,0.000754975,0.000774586,0.000725562,0.000730906,0.000857653,0.000698822,0.000499951,0.000687611
695,0.000811507,0.000629814,0.00069028,0.000846212,0.00068515,0.000383015,0.000423102,0.000586231,0.002321855,0.001035996,0.000228208,0.000248473,0.000251112,0.000805139,0.00074173,0.000754202,0.000710754,0.000707328,0.000839008,0.000677209,0.000493583,0.000667965
698,0.000782176,0.000603296,0.000655766,0.000803901,0.00068515,0.000348196,0.000407991,0.000586231,0.002294214,0.001035996,0.000228208,0.000248473,0.000251112,0.000765864,0.00071524,0.000754202,0.000695947,0.00068375,0.000801719,0.000648391,0.000468107,0.000635222
701,0.000752844,0.000583407,0.000655766,0.00071928,0.00068515,0.000313376,0.00039288,0.000586231,0.002266573,0.001035996,0.000228208,0.000273321,0.000228284,0.000746226,0.000675504,0.000733818,0.000681139,0.000666067,0.000783074,0.000626778,0.000433079,0.000609027
704,0.00073329,0.000556888,0.000586738,0.000761591,0.000513863,0.000278556,0.000377769,0.000586231,0.002238932,0.000932397,0.000211908,0.000248473,0.000205456,0.000726589,0.000662259,0.000713434,0.000666332,0.00064249,0.00076443,0.000612369,0.000417157,0.000589381
707,0.000723512,0.000543629,0.000586738,0.000888522,0.00068515,0.000313376,0.000377769,0.000586231,0.002211291,0.000932397,0.000211908,0.000223626,0.000228284,0.000726589,0.000649014,0.00069305,0.000651525,0.000618912,0.000745785,0.000605165,0.000410788,0.000582832
710,0.000723512,0.000536999,0.000621252,0.000888522,0.000856438,0.000313376,0.000377769,0.000669979,0.002211291,0.001035996,0.000228208,0.000273321,0.000251112,0.000726589,0.000649014,0.00069305,0.000651525,0.000601229,0.000745785,0.000597961,0.00039805,0.000569735
713,0.000703958,0.00052374,0.000655766,0.000803901,0.000856438,0.000348196,0.000377769,0.000669979,0.002211291,0.001035996,0.000244509,0.000273321,0.000273941,0.000706951,0.000635769,0.000672667,0.000636717,0.00058944,0.000745785,0.000576348,0.000359838,0.000550089
716,0.000674627,0.000497222,0.000586738,0.000803901,0.00068515,0.000313376,0.000347548,0.000586231,0.002156008,0.001035996,0.000228208,0.000273321,0.000251112,0.000667676,0.000609278,0.000652283,0.000607103,0.000565862,0.000708496,0.00054753,0.000331178,0.000530443
719,0.000635518,0.000477333,0.000552224,0.000803901,0.000513863,0.000243737,0.000317326,0.000502484,0.002100726,0.000932397,0.000195607,0.000223626,0.000205456,0.000628401,0.000569543,0.000611515,0.000577488,0.000542285,0.000671207,0.000533122,0.000289781,0.000510797
722,0.000615963,0.000450814,0.00051771,0.000761591,0.000513863,0.000243737,0.000287105,0.000502484,0.002073085,0.000828797,0.000179307,0.000223626,0.000159799,0.000589126,0.000543052,0.000591131,0.00056268,0.000524602,0.000633917,0.000518713,0.000289781,0.000484602
725,0.000596409,0.000430926,0.00051771,0.000676969,0.000513863,0.000243737,0.000256883,0.000418737,0.002045444,0.000828797,0.000179307,0.000223626,0.000159799,0.000569489,0.000516562,0.000550364,0.000547873,0.000501024,0.000615273,0.000489896,0.00026749,0.000458408
728,0.000576855,0.000417666,0.000483196,0.000634659,0.000513863,0.000208917,0.000256883,0.000418737,0.002045444,0.000828797,0.000179307,0.000223626,0.000182627,0.000569489,0.000503317,0.00052998,0.000518258,0.000489235,0.000596628,0.000475487,0.000245199,0.000432213
731,0.000567077,0.000397777,0.000448682,0.000634659,0.000513863,0.000174098,0.000241772,0.000418737,0.002017803,0.000725198,0.000179307,0.000223626,0.000159799,0.000549851,0.000476827,0.000509596,0.000503451,0.000471552,0.000577984,0.000468283,0.000248384,0.000425664
734,0.000547523,0.000384518,0.000448682,0.00071928,0.00068515,0.000174098,0.000241772,0.000502484,0.002017803,0.000828797,0.000195607,0.000223626,0.000159799,0.000530214,0.000476827,0.000489212,0.000503451,0.000459763,0.000559339,0.000475487,0.000248384,0.000419115
737,0.000537746,0.000384518,0.000483196,0.000761591,0.000856438,0.000208917,0.000241772,0.000502484,0.002045444,0.000932397,0.000195607,0.000223626,0.000205456,0.000530214,0.000476827,0.000509596,0.000518258,0.000447974,0.000559339,0.000475487,0.000248384,0.000412567
740,0.000527969,0.000371259,0.00051771,0.00071928,0.000856438,0.000243737,0.000256883,0.000502484,0.002017803,0.000828797,0.000195607,0.000223626,0.000205456,0.000530214,0.000476827,0.000509596,0.000503451,0.00044208,0.000540694,0.000461078,0.000216539,0.000406018
743,0.000498637,0.00035137,0.000448682,0.000634659,0.00068515,0.000174098,0.000226662,0.000502484,0.00196252,0.000725198,0.000179307,0.000223626,0.000182627,0.000490938,0.000437091,0.000468828,0.000488643,0.000418502,0.00052205,0.000439465,0.000184695,0.000379823
746,0.000459528,0.000324852,0.000379654,0.000634659,0.000513863,0.000104459,0.00019644,0.000418737,0.001907238,0.000621598,0.000163006,0.000198779,0.000159799,0.000471301,0.000410601,0.000448444,0.000459029,0.000394925,0.000503405,0.000417852,0.00015922,0.000366726
749,0.000449751,0.000311592,0.000379654,0.000550038,0.000513863,0.000104459,0.00019644,0.000418737,0.001907238,0.000725198,0.000163006,0.000198779,0.000182627,0.000432026,0.000397355,0.000428061,0.000444221,0.000383136,0.00048476,0.000389035,0.000152851,0.000340531
752,0.000449751,0.000304963,0.000379654,0.000634659,0.000513863,0.000104459,0.00019644,0.000334989,0.001907238,0.000621598,0.000163006,0.000198779,0.000159799,0.000432026,0.000397355,0.000407677,0.000444221,0.000371347,0.000466116,0.000403443,0.000156036,0.000327434
755,0.000439974,0.000298333,0.000379654,0.000634659,0.000342575,0.000139278,0.00019644,0.000418737,0.001879597,0.000725198,0.000179307,0.000223626,0.000159799,0.000432026,0.00038411,0.000407677,0.000429414,0.000359558,0.000447471,0.000396239,0.000140114,0.000320885
758,0.000410642,0.000278444,0.000310626,0.000634659,0.000342575,6.96E-05,0.000181329,0.000418737,0.001879597,0.000725198,0.000163006,0.000198779,0.000159799,0.000392751,0.00035762,0.000387293,0.000429414,0.00034777,0.000428826,0.00038183,0.000136929,0.000320885
761,0.000400865,0.000271815,0.00034514,0.000676969,0.000171288,3.48E-05,0.000166218,0.000334989,0.001851956,0.000725198,0.000163006,0.000198779,0.00013697,0.000373113,0.000344375,0.000366909,0.000414607,0.000335981,0.000428826,0.00038183,0.000127376,0.000307788
764,0.000400865,0.000265185,0.000310626,0.000550038,0.000342575,6.96E-05,0.000181329,0.000418737,0.001824315,0.000828797,0.000163006,0.000198779,0.000159799,0.000392751,0.000344375,0.000346525,0.000399799,0.000330086,0.000410182,0.000353013,0.000121007,0.000281593
767,0.000410642,0.000265185,0.00034514,0.000465416,0.000513863,0.000104459,0.000181329,0.000418737,0.001851956,0.000932397,0.000179307,0.000223626,0.000159799,0.000392751,0.000344375,0.000366909,0.000414607,0.000324192,0.000428826,0.0003314,8.28E-05,0.000275045
770,0.000400865,0.000245296,0.000310626,0.000380795,0.000342575,6.96E-05,0.000151108,0.000334989,0.001824315,0.000725198,0.000146705,0.000198779,0.000114142,0.000392751,0.000317884,0.000346525,0.000414607,0.000306509,0.000391537,0.000309787,4.14E-05,0.000255398
773,0.000371533,0.000238666,0.000310626,0.000465416,0.000171288,6.96E-05,0.000135997,0.000334989,0.001824315,0.000621598,0.000146705,0.000173931,0.000114142,0.000353476,0.000304639,0.000326141,0.000384992,0.00029472,0.000372893,0.000316991,6.37E-05,0.000261947
776,0.000342202,0.000225407,0.000310626,0.000550038,0.000171288,3.48E-05,0.000135997,0.000334989,0.001769033,0.000725198,0.000130405,0.000173931,0.000114142,0.000353476,0.000291394,0.000326141,0.000370184,0.000282931,0.000372893,0.0003314,7.64E-05,0.000261947
779,0.000342202,0.000225407,0.000310626,0.000550038,0.000342575,0,0.000135997,0.000502484,0.001741391,0.000828797,0.000146705,0.000173931,0.000114142,0.000333838,0.000291394,0.000305758,0.000355377,0.000277037,0.000354248,0.0003314,6.69E-05,0.00024885
782,0.000332425,0.000212148,0.000241598,0.000592348,0.000342575,0,0.000120886,0.000502484,0.001741391,0.000725198,0.000146705,0.000173931,0.000114142,0.000314201,0.000291394,0.000305758,0.000370184,0.000271142,0.000354248,0.000338604,7.32E-05,0.00024885
785,0.00031287,0.000198889,0.000207084,0.000507727,0.000342575,-3.48E-05,0.000105775,0.000334989,0.001741391,0.000517998,0.000130405,0.000173931,0.000114142,0.000314201,0.000264904,0.00026499,0.00034057,0.000265248,0.000354248,0.000324196,6.05E-05,0.000235752
788,0.000322647,0.000198889,0.000276112,0.000423106,0.000513863,3.48E-05,0.000151108,0.000418737,0.001741391,0.000621598,0.000163006,0.000198779,0.000159799,0.000333838,0.000264904,0.00026499,0.000355377,0.000259354,0.000354248,0.000309787,3.82E-05,0.000222655
791,0.000322647,0.000192259,0.000276112,0.000465416,0.000513863,0.000104459,0.000166218,0.000502484,0.00171375,0.000725198,0.000163006,0.000198779,0.000182627,0.000314201,0.000264904,0.00026499,0.000370184,0.000247565,0.000335603,0.000288174,5.10E-05,0.000216106
794,0.000303093,0.000185629,0.000241598,0.000465416,0.000342575,3.48E-05,0.000135997,0.000334989,0.00171375,0.000725198,0.000146705,0.000173931,0.00013697,0.000294563,0.000251658,0.000244606,0.00034057,0.00024167,0.000298314,0.000288174,1.59E-05,0.000216106
797,0.000293316,0.000185629,0.000276112,0.000380795,0.000342575,0,0.000120886,0.000334989,0.00171375,0.000621598,0.000163006,0.000149084,0.000114142,0.000274926,0.000251658,0.00026499,0.00034057,0.000235776,0.000298314,0.000288174,-1.59E-05,0.000203009